Player,PlayerID,Team,Stat,Line,Type
SEBASTIAN AHO,ahose01,CAR,A,0.5,Norm.
SEBASTIAN AHO,ahose01,CAR,G,0.5,Dem.
SEBASTIAN AHO,ahose01,CAR,PTS,0.5,Gob.
SEBASTIAN AHO,ahose01,CAR,PTS,1.5,Dem.
SEBASTIAN AHO,ahose01,CAR,SOG,2.5,Gob.
SEBASTIAN AHO,ahose01,CAR,SOG,3.5,Dem.
SEBASTIAN AHO,ahose01,CAR,TOI,19.5,Norm.
SEBASTIAN AHO,ahose01,CAR,TOI,19.75,Norm.
RASMUS ANDERSSON,anderra01,CGY,A,0.5,Dem.
RASMUS ANDERSSON,anderra01,CGY,BLK,2.5,Norm.
RASMUS ANDERSSON,anderra01,CGY,PTS,0.5,Norm.
RASMUS ANDERSSON,anderra01,CGY,PTS,0.5,Dem.
RASMUS ANDERSSON,anderra01,CGY,SOG,1.5,Gob.
RASMUS ANDERSSON,anderra01,CGY,SOG,2.5,Dem.
JOEL ARMIA,armiajo01,MTL,G,0.5,Dem.
JOEL ARMIA,armiajo01,MTL,SOG,1.5,Gob.
JOEL ARMIA,armiajo01,MTL,SOG,2.5,Dem.
JOEL ARMIA,armiajo01,MTL,SOG,1.5,Norm.
VIKTOR ARVIDSSON,arvidvi01,EDM,A,0.5,Dem.
VIKTOR ARVIDSSON,arvidvi01,EDM,G,0.5,Dem.
VIKTOR ARVIDSSON,arvidvi01,EDM,PTS,0.5,Norm.
VIKTOR ARVIDSSON,arvidvi01,EDM,SOG,2.5,Norm.
VIKTOR ARVIDSSON,arvidvi01,EDM,SOG,3.5,Dem.
VIKTOR ARVIDSSON,arvidvi01,EDM,SOG,2.5,Gob.
JONATHAN MARCHESSAULT,audymjo01,NSH,A,0.5,Dem.
JONATHAN MARCHESSAULT,audymjo01,NSH,G,0.5,Dem.
JONATHAN MARCHESSAULT,audymjo01,NSH,PTS,0.5,Gob.
JONATHAN MARCHESSAULT,audymjo01,NSH,PTS,1.5,Dem.
JONATHAN MARCHESSAULT,audymjo01,NSH,SOG,2.5,Gob.
JONATHAN MARCHESSAULT,audymjo01,NSH,SOG,3.5,Dem.
MIKAEL BACKLUND,backlmi01,CGY,A,0.5,Dem.
MIKAEL BACKLUND,backlmi01,CGY,G,0.5,Dem.
MIKAEL BACKLUND,backlmi01,CGY,PTS,0.5,Norm.
MIKAEL BACKLUND,backlmi01,CGY,SOG,2.5,Norm.
MIKAEL BACKLUND,backlmi01,CGY,SOG,1.5,Gob.
IVAN BARBASHEV,barbaiv01,VEG,A,0.5,Dem.
IVAN BARBASHEV,barbaiv01,VEG,G,0.5,Dem.
IVAN BARBASHEV,barbaiv01,VEG,PTS,0.5,Norm.
IVAN BARBASHEV,barbaiv01,VEG,SOG,1.5,Gob.
IVAN BARBASHEV,barbaiv01,VEG,SOG,2.5,Dem.
MATHEW BARZAL,barzama01,NYI,A,0.5,Norm.
MATHEW BARZAL,barzama01,NYI,G,0.5,Dem.
MATHEW BARZAL,barzama01,NYI,PTS,0.5,Gob.
MATHEW BARZAL,barzama01,NYI,PTS,1.5,Dem.
MATHEW BARZAL,barzama01,NYI,SOG,2.5,Gob.
MATHEW BARZAL,barzama01,NYI,SOG,3.5,Dem.
MATHEW BARZAL,barzama01,NYI,SOG,2.5,Norm.
MATHEW BARZAL,barzama01,NYI,TOI,20.25,Norm.
MATHEW BARZAL,barzama01,NYI,TOI,20,Norm.
DRAKE BATHERSON,bathedr01,OTT,A,0.5,Dem.
DRAKE BATHERSON,bathedr01,OTT,G,0.5,Dem.
DRAKE BATHERSON,bathedr01,OTT,PTS,0.5,Gob.
DRAKE BATHERSON,bathedr01,OTT,PTS,1.5,Dem.
DRAKE BATHERSON,bathedr01,OTT,SOG,1.5,Gob.
DRAKE BATHERSON,bathedr01,OTT,SOG,2.5,Norm.
DRAKE BATHERSON,bathedr01,OTT,SOG,3.5,Dem.
DRAKE BATHERSON,bathedr01,OTT,SOG,2.5,Gob.
CONNOR BEDARD,bedarco01,CHI,A,0.5,Norm.
CONNOR BEDARD,bedarco01,CHI,G,0.5,Dem.
CONNOR BEDARD,bedarco01,CHI,PTS,0.5,Gob.
CONNOR BEDARD,bedarco01,CHI,PTS,1.5,Dem.
CONNOR BEDARD,bedarco01,CHI,SOG,2.5,Gob.
CONNOR BEDARD,bedarco01,CHI,SOG,3.5,Dem.
CONNOR BEDARD,bedarco01,CHI,TOI,20.25,Norm.
CONNOR BEDARD,bedarco01,CHI,TOI,20.5,Norm.
MATTY BENIERS,beniema01,SEA,A,0.5,Dem.
MATTY BENIERS,beniema01,SEA,PTS,0.5,Dem.
MATTY BENIERS,beniema01,SEA,TOI,17.75,Norm.
MATTY BENIERS,beniema01,SEA,SOG,1.5,Gob.
MATTY BENIERS,beniema01,SEA,SOG,2.5,Dem.
MATTY BENIERS,beniema01,SEA,G,0.5,Dem.
SAM BENNETT,bennesa01,FLA,A,0.5,Dem.
SAM BENNETT,bennesa01,FLA,G,0.5,Dem.
SAM BENNETT,bennesa01,FLA,HIT,2.5,Norm.
SAM BENNETT,bennesa01,FLA,PTS,0.5,Norm.
SAM BENNETT,bennesa01,FLA,SOG,2.5,Gob.
SAM BENNETT,bennesa01,FLA,SOG,3.5,Dem.
JAMIE BENN,bennja01,DAL,A,0.5,Dem.
JAMIE BENN,bennja01,DAL,G,0.5,Dem.
JAMIE BENN,bennja01,DAL,PTS,0.5,Norm.
JAMIE BENN,bennja01,DAL,SOG,1.5,Gob.
JAMIE BENN,bennja01,DAL,SOG,2.5,Dem.
SIMON BENOIT,benoisi01,TOR,HIT,2.5,Norm.
TYLER BERTUZZI,bertuty01,CHI,A,0.5,Dem.
TYLER BERTUZZI,bertuty01,CHI,G,0.5,Dem.
TYLER BERTUZZI,bertuty01,CHI,PTS,0.5,Dem.
TYLER BERTUZZI,bertuty01,CHI,SOG,1.5,Gob.
TYLER BERTUZZI,bertuty01,CHI,SOG,2.5,Dem.
OLIVER BJORKSTRAND,bjorkol01,SEA,A,0.5,Dem.
OLIVER BJORKSTRAND,bjorkol01,SEA,HIT,0.5,Norm.
OLIVER BJORKSTRAND,bjorkol01,SEA,PTS,0.5,Dem.
OLIVER BJORKSTRAND,bjorkol01,SEA,SOG,1.5,Gob.
OLIVER BJORKSTRAND,bjorkol01,SEA,SOG,2.5,Dem.
OLIVER BJORKSTRAND,bjorkol01,SEA,G,0.5,Dem.
BROCK BOESER,boesebr01,VAN,A,0.5,Dem.
BROCK BOESER,boesebr01,VAN,G,0.5,Dem.
BROCK BOESER,boesebr01,VAN,PTS,0.5,Gob.
BROCK BOESER,boesebr01,VAN,PTS,1.5,Dem.
BROCK BOESER,boesebr01,VAN,SOG,1.5,Gob.
ZACH BOGOSIAN,bogosza01,MIN,HIT,1.5,Norm.
MATT BOLDY,boldyma01,MIN,A,0.5,Dem.
MATT BOLDY,boldyma01,MIN,A,0.5,Norm.
MATT BOLDY,boldyma01,MIN,SOG,2.5,Gob.
MATT BOLDY,boldyma01,MIN,SOG,3.5,Dem.
MATT BOLDY,boldyma01,MIN,G,0.5,Dem.
MATT BOLDY,boldyma01,MIN,PTS,0.5,Gob.
MATT BOLDY,boldyma01,MIN,PTS,1.5,Dem.
EVAN BOUCHARD,bouchev01,EDM,A,0.5,Gob.
EVAN BOUCHARD,bouchev01,EDM,A,0.5,Norm.
EVAN BOUCHARD,bouchev01,EDM,G,0.5,Dem.
EVAN BOUCHARD,bouchev01,EDM,PTS,0.5,Gob.
EVAN BOUCHARD,bouchev01,EDM,PTS,1.5,Dem.
EVAN BOUCHARD,bouchev01,EDM,SOG,2.5,Gob.
EVAN BOUCHARD,bouchev01,EDM,SOG,3.5,Dem.
EVAN BOUCHARD,bouchev01,EDM,TOI,24.25,Norm.
EVAN BOUCHARD,bouchev01,EDM,TOI,23.5,Norm.
JESPER BRATT,brattje01,NJD,A,0.5,Norm.
JESPER BRATT,brattje01,NJD,G,0.5,Dem.
JESPER BRATT,brattje01,NJD,PTS,0.5,Gob.
JESPER BRATT,brattje01,NJD,PTS,1.5,Dem.
JESPER BRATT,brattje01,NJD,SOG,2.5,Gob.
JESPER BRATT,brattje01,NJD,SOG,3.5,Dem.
JESPER BRATT,brattje01,NJD,SOG,4.5,Dem.
JONAS BRODIN,brodijo01,MIN,BLK,2.5,Dem.
JONAS BRODIN,brodijo01,MIN,A,0.5,Dem.
JONAS BRODIN,brodijo01,MIN,PTS,0.5,Dem.
PAVEL BUCHNEVICH,buchnpa01,STL,A,0.5,Dem.
PAVEL BUCHNEVICH,buchnpa01,STL,G,0.5,Dem.
PAVEL BUCHNEVICH,buchnpa01,STL,PTS,0.5,Gob.
PAVEL BUCHNEVICH,buchnpa01,STL,PTS,1.5,Dem.
PAVEL BUCHNEVICH,buchnpa01,STL,SOG,2.5,Norm.
PAVEL BUCHNEVICH,buchnpa01,STL,SOG,1.5,Gob.
PAVEL BUCHNEVICH,buchnpa01,STL,SOG,2.5,Dem.
MICHAEL BUNTING,buntimi01,PIT,A,0.5,Dem.
MICHAEL BUNTING,buntimi01,PIT,PTS,0.5,Dem.
MICHAEL BUNTING,buntimi01,PIT,SOG,1.5,Gob.
MICHAEL BUNTING,buntimi01,PIT,SOG,2.5,Dem.
MICHAEL BUNTING,buntimi01,PIT,G,0.5,Dem.
ANDRE BURAKOVSKY,burakan01,SEA,A,0.5,Dem.
ANDRE BURAKOVSKY,burakan01,SEA,PTS,0.5,Dem.
ANDRE BURAKOVSKY,burakan01,SEA,SOG,1.5,Gob.
ANDRE BURAKOVSKY,burakan01,SEA,SOG,2.5,Dem.
ANDRE BURAKOVSKY,burakan01,SEA,G,0.5,Dem.
BRENT BURNS,burnsbr01,CAR,A,0.5,Dem.
BRENT BURNS,burnsbr01,CAR,PTS,0.5,Dem.
BRENT BURNS,burnsbr01,CAR,SOG,1.5,Gob.
BRENT BURNS,burnsbr01,CAR,SOG,2.5,Dem.
KYLE BURROUGHS,burroky01,LAK,HIT,2.5,Norm.
QUINTON BYFIELD,byfiequ01,LAK,A,0.5,Dem.
QUINTON BYFIELD,byfiequ01,LAK,G,0.5,Dem.
QUINTON BYFIELD,byfiequ01,LAK,PTS,0.5,Norm.
QUINTON BYFIELD,byfiequ01,LAK,SOG,1.5,Gob.
QUINTON BYFIELD,byfiequ01,LAK,SOG,2.5,Dem.
BRANDON CARLO,carlobr01,BOS,BLK,2.5,Dem.
BRANDON CARLO,carlobr01,BOS,BLK,1.5,Gob.
JOHN CARLSON,carlsjo01,WSH,A,0.5,Norm.
JOHN CARLSON,carlsjo01,WSH,BLK,2.5,Dem.
JOHN CARLSON,carlsjo01,WSH,PTS,0.5,Gob.
JOHN CARLSON,carlsjo01,WSH,SOG,1.5,Gob.
JOHN CARLSON,carlsjo01,WSH,SOG,2.5,Dem.
JOHN CARLSON,carlsjo01,WSH,TOI,25.5,Norm.
JOHN CARLSON,carlsjo01,WSH,PTS,1.5,Dem.
LEO CARLSSON,carlsle01,ANA,A,0.5,Dem.
LEO CARLSSON,carlsle01,ANA,G,0.5,Dem.
LEO CARLSSON,carlsle01,ANA,PTS,0.5,Dem.
LEO CARLSSON,carlsle01,ANA,SOG,1.5,Gob.
LEO CARLSSON,carlsle01,ANA,SOG,2.5,Dem.
ALEXANDRE CARRIER,carrial01,NSH,BLK,1.5,Gob.
WILLIAM CARRIER,carriwi01,CAR,HIT,1.5,Norm.
COLE CAUFIELD,caufico01,MTL,A,0.5,Dem.
COLE CAUFIELD,caufico01,MTL,G,0.5,Dem.
COLE CAUFIELD,caufico01,MTL,HIT,0.5,Norm.
COLE CAUFIELD,caufico01,MTL,PTS,0.5,Gob.
COLE CAUFIELD,caufico01,MTL,PTS,1.5,Dem.
COLE CAUFIELD,caufico01,MTL,SOG,3.5,Norm.
COLE CAUFIELD,caufico01,MTL,SOG,2.5,Gob.
COLE CAUFIELD,caufico01,MTL,SOG,4.5,Dem.
COLE CAUFIELD,caufico01,MTL,SOG,3.5,Dem.
COLE CAUFIELD,caufico01,MTL,TOI,19.5,Norm.
COLE CAUFIELD,caufico01,MTL,TOI,19.25,Norm.
COLE CAUFIELD,caufico01,MTL,TOI,19,Norm.
ERIK CERNAK,cernaer01,TBL,BLK,1.5,Norm.
ERIK CERNAK,cernaer01,TBL,HIT,2.5,Norm.
THOMAS CHABOT,chaboth01,OTT,A,0.5,Dem.
THOMAS CHABOT,chaboth01,OTT,PTS,0.5,Dem.
THOMAS CHABOT,chaboth01,OTT,SOG,1.5,Gob.
THOMAS CHABOT,chaboth01,OTT,SOG,2.5,Dem.
THOMAS CHABOT,chaboth01,OTT,TOI,23.5,Norm.
THOMAS CHABOT,chaboth01,OTT,TOI,22.75,Norm.
THOMAS CHABOT,chaboth01,OTT,TOI,22.5,Norm.
BEN CHIAROT,chiarbe01,DET,BLK,2.5,Dem.
YEGOR CHINAKHOV,chinaye01,CBJ,A,0.5,Dem.
YEGOR CHINAKHOV,chinaye01,CBJ,G,0.5,Dem.
FILIP CHYTIL,chytifi01,NYR,G,0.5,Dem.
FILIP CHYTIL,chytifi01,NYR,SOG,1.5,Gob.
FILIP CHYTIL,chytifi01,NYR,SOG,2.5,Dem.
ANTHONY CIRELLI,cirelan01,TBL,A,0.5,Dem.
ANTHONY CIRELLI,cirelan01,TBL,G,0.5,Dem.
ANTHONY CIRELLI,cirelan01,TBL,PTS,0.5,Dem.
BLAKE COLEMAN,colembl01,CGY,A,0.5,Dem.
BLAKE COLEMAN,colembl01,CGY,G,0.5,Dem.
BLAKE COLEMAN,colembl01,CGY,HIT,1.5,Norm.
BLAKE COLEMAN,colembl01,CGY,PTS,0.5,Norm.
BLAKE COLEMAN,colembl01,CGY,SOG,2.5,Gob.
BLAKE COLEMAN,colembl01,CGY,SOG,3.5,Dem.
BLAKE COLEMAN,colembl01,CGY,SOG,2.5,Norm.
ROSS COLTON,coltoro01,COL,A,0.5,Dem.
ROSS COLTON,coltoro01,COL,G,0.5,Dem.
ROSS COLTON,coltoro01,COL,PTS,0.5,Gob.
ROSS COLTON,coltoro01,COL,SOG,3.5,Dem.
ROSS COLTON,coltoro01,COL,SOG,2.5,Gob.
J.T. COMPHER,comphj.01,DET,A,0.5,Dem.
J.T. COMPHER,comphj.01,DET,PTS,0.5,Dem.
KYLE CONNOR,connoky01,WPG,A,0.5,Dem.
KYLE CONNOR,connoky01,WPG,G,0.5,Dem.
KYLE CONNOR,connoky01,WPG,PTS,0.5,Gob.
KYLE CONNOR,connoky01,WPG,PTS,1.5,Dem.
KYLE CONNOR,connoky01,WPG,SOG,2.5,Gob.
KYLE CONNOR,connoky01,WPG,SOG,3.5,Dem.
KYLE CONNOR,connoky01,WPG,TOI,19.5,Norm.
PAUL COTTER,cottepa01,NJD,HIT,2.5,Norm.
SEAN COUTURIER,coutuse01,PHI,A,0.5,Dem.
SEAN COUTURIER,coutuse01,PHI,HIT,0.5,Norm.
SEAN COUTURIER,coutuse01,PHI,PTS,0.5,Dem.
SEAN COUTURIER,coutuse01,PHI,SOG,2.5,Dem.
SEAN COUTURIER,coutuse01,PHI,SOG,1.5,Gob.
SEAN COUTURIER,coutuse01,PHI,G,0.5,Dem.
CHARLIE COYLE,coylech01,BOS,A,0.5,Dem.
CHARLIE COYLE,coylech01,BOS,HIT,1.5,Norm.
CHARLIE COYLE,coylech01,BOS,PTS,0.5,Dem.
CHARLIE COYLE,coylech01,BOS,SOG,1.5,Norm.
DYLAN COZENS,cozendy01,BUF,A,0.5,Dem.
SIDNEY CROSBY,crosbsi01,PIT,A,0.5,Norm.
SIDNEY CROSBY,crosbsi01,PIT,G,0.5,Dem.
SIDNEY CROSBY,crosbsi01,PIT,PTS,0.5,Gob.
SIDNEY CROSBY,crosbsi01,PIT,PTS,1.5,Dem.
SIDNEY CROSBY,crosbsi01,PIT,SOG,2.5,Gob.
SIDNEY CROSBY,crosbsi01,PIT,SOG,3.5,Dem.
SIDNEY CROSBY,crosbsi01,PIT,TOI,20,Norm.
SIDNEY CROSBY,crosbsi01,PIT,TOI,19.75,Norm.
LAWSON CROUSE,crousla01,ARI,A,0.5,Dem.
LAWSON CROUSE,crousla01,ARI,G,0.5,Dem.
LAWSON CROUSE,crousla01,ARI,PTS,0.5,Dem.
LAWSON CROUSE,crousla01,ARI,SOG,1.5,Gob.
WILL CUYLLE,cuyllwi01,NYR,HIT,3.5,Norm.
KIRBY DACH,dachki01,MTL,A,0.5,Dem.
KIRBY DACH,dachki01,MTL,G,0.5,Dem.
KIRBY DACH,dachki01,MTL,PTS,0.5,Dem.
KIRBY DACH,dachki01,MTL,SOG,1.5,Gob.
KIRBY DACH,dachki01,MTL,SOG,2.5,Dem.
RASMUS DAHLIN,dahlira01,BUF,A,0.5,Dem.
PHILLIP DANAULT,danauph01,LAK,A,0.5,Dem.
PHILLIP DANAULT,danauph01,LAK,PTS,0.5,Dem.
PHILLIP DANAULT,danauph01,LAK,SOG,1.5,Gob.
PHILLIP DANAULT,danauph01,LAK,SOG,2.5,Dem.
PHILLIP DANAULT,danauph01,LAK,G,0.5,Dem.
PHILLIP DANAULT,danauph01,LAK,PTS,0.5,Norm.
ALEX DEBRINCAT,debrial01,DET,A,0.5,Dem.
ALEX DEBRINCAT,debrial01,DET,G,0.5,Dem.
ALEX DEBRINCAT,debrial01,DET,SOG,3.5,Dem.
ALEX DEBRINCAT,debrial01,DET,SOG,2.5,Gob.
JAKE DEBRUSK,debruja01,VAN,A,0.5,Dem.
JAKE DEBRUSK,debruja01,VAN,G,0.5,Dem.
JAKE DEBRUSK,debruja01,VAN,PTS,0.5,Norm.
JAKE DEBRUSK,debruja01,VAN,PTS,0.5,Dem.
JAKE DEBRUSK,debruja01,VAN,SOG,1.5,Gob.
JAKE DEBRUSK,debruja01,VAN,SOG,2.5,Dem.
NOAH DOBSON,dobsono01,NYI,A,0.5,Dem.
NOAH DOBSON,dobsono01,NYI,BLK,2.5,Dem.
NOAH DOBSON,dobsono01,NYI,PTS,0.5,Norm.
NOAH DOBSON,dobsono01,NYI,SOG,1.5,Gob.
NOAH DOBSON,dobsono01,NYI,SOG,2.5,Norm.
NOAH DOBSON,dobsono01,NYI,SOG,2.5,Dem.
NOAH DOBSON,dobsono01,NYI,TOI,23.75,Norm.
NOAH DOBSON,dobsono01,NYI,TOI,23.5,Norm.
NOAH DOBSON,dobsono01,NYI,BLK,1.5,Gob.
NOAH DOBSON,dobsono01,NYI,A,0.5,Norm.
NOAH DOBSON,dobsono01,NYI,SOG,2.5,Gob.
NOAH DOBSON,dobsono01,NYI,SOG,3.5,Dem.
NOAH DOBSON,dobsono01,NYI,PTS,0.5,Gob.
MAX DOMI,domima01,TOR,A,0.5,Dem.
MAX DOMI,domima01,TOR,PTS,0.5,Dem.
MAX DOMI,domima01,TOR,SOG,1.5,Norm.
PAVEL DOROFEYEV,dorofpa01,VEG,A,0.5,Dem.
PAVEL DOROFEYEV,dorofpa01,VEG,G,0.5,Dem.
PAVEL DOROFEYEV,dorofpa01,VEG,PTS,0.5,Dem.
PAVEL DOROFEYEV,dorofpa01,VEG,SOG,2.5,Dem.
PAVEL DOROFEYEV,dorofpa01,VEG,SOG,1.5,Gob.
LEON DRAISAITL,draisle01,EDM,A,0.5,Gob.
LEON DRAISAITL,draisle01,EDM,A,0.5,Norm.
LEON DRAISAITL,draisle01,EDM,G,0.5,Dem.
LEON DRAISAITL,draisle01,EDM,HIT,0.5,Norm.
LEON DRAISAITL,draisle01,EDM,PTS,0.5,Gob.
LEON DRAISAITL,draisle01,EDM,PTS,1.5,Dem.
LEON DRAISAITL,draisle01,EDM,SOG,2.5,Norm.
LEON DRAISAITL,draisle01,EDM,SOG,3.5,Dem.
LEON DRAISAITL,draisle01,EDM,SOG,1.5,Gob.
JAMIE DRYSDALE,drysdja01,PHI,SOG,2.5,Dem.
JAMIE DRYSDALE,drysdja01,PHI,SOG,1.5,Gob.
MATT DUCHENE,duchema01,DAL,A,0.5,Dem.
MATT DUCHENE,duchema01,DAL,G,0.5,Dem.
MATT DUCHENE,duchema01,DAL,PTS,0.5,Norm.
MATT DUCHENE,duchema01,DAL,SOG,1.5,Gob.
MATT DUCHENE,duchema01,DAL,SOG,2.5,Dem.
JORDAN EBERLE,eberljo01,SEA,A,0.5,Dem.
JORDAN EBERLE,eberljo01,SEA,G,0.5,Dem.
JORDAN EBERLE,eberljo01,SEA,PTS,0.5,Dem.
JORDAN EBERLE,eberljo01,SEA,SOG,1.5,Gob.
JORDAN EBERLE,eberljo01,SEA,SOG,2.5,Dem.
JORDAN EBERLE,eberljo01,SEA,PTS,0.5,Norm.
JOEL EDMUNDSON,edmunjo01,MTL,BLK,1.5,Gob.
JOEL EDMUNDSON,edmunjo01,LAK,BLK,1.5,Norm.
NIKOLAJ EHLERS,ehlerni01,WPG,A,0.5,Dem.
NIKOLAJ EHLERS,ehlerni01,WPG,G,0.5,Dem.
NIKOLAJ EHLERS,ehlerni01,WPG,PTS,0.5,Gob.
NIKOLAJ EHLERS,ehlerni01,WPG,SOG,2.5,Gob.
NIKOLAJ EHLERS,ehlerni01,WPG,SOG,3.5,Dem.
JACK EICHEL,eicheja01,VEG,A,0.5,Gob.
JACK EICHEL,eicheja01,VEG,A,1.5,Dem.
JACK EICHEL,eicheja01,VEG,G,0.5,Dem.
JACK EICHEL,eicheja01,VEG,PTS,0.5,Gob.
JACK EICHEL,eicheja01,VEG,PTS,1.5,Dem.
JACK EICHEL,eicheja01,VEG,SOG,2.5,Gob.
JACK EICHEL,eicheja01,VEG,SOG,3.5,Norm.
JACK EICHEL,eicheja01,VEG,SOG,4.5,Dem.
JACK EICHEL,eicheja01,VEG,SOG,3.5,Gob.
JACK EICHEL,eicheja01,VEG,TOI,20.25,Norm.
JACK EICHEL,eicheja01,VEG,TOI,20.5,Norm.
AARON EKBLAD,ekblaaa01,FLA,A,0.5,Dem.
AARON EKBLAD,ekblaaa01,FLA,BLK,1.5,Norm.
AARON EKBLAD,ekblaaa01,FLA,PTS,0.5,Dem.
MATTIAS EKHOLM,ekholma01,EDM,A,0.5,Dem.
MATTIAS EKHOLM,ekholma01,EDM,BLK,1.5,Norm.
MATTIAS EKHOLM,ekholma01,EDM,PTS,0.5,Dem.
MATTIAS EKHOLM,ekholma01,EDM,SOG,1.5,Gob.
MATTIAS EKHOLM,ekholma01,EDM,SOG,2.5,Dem.
WILLIAM EKLUND,eklunwi01,SJS,A,0.5,Dem.
WILLIAM EKLUND,eklunwi01,SJS,G,0.5,Dem.
WILLIAM EKLUND,eklunwi01,SJS,PTS,0.5,Gob.
WILLIAM EKLUND,eklunwi01,SJS,SOG,1.5,Gob.
WILLIAM EKLUND,eklunwi01,SJS,SOG,2.5,Dem.
WILLIAM EKLUND,eklunwi01,SJS,TOI,19.75,Norm.
WILLIAM EKLUND,eklunwi01,SJS,TOI,20.25,Norm.
LARS ELLER,ellerla01,PIT,SOG,1.5,Gob.
LARS ELLER,ellerla01,PIT,A,0.5,Dem.
LARS ELLER,ellerla01,PIT,SOG,2.5,Dem.
LARS ELLER,ellerla01,PIT,PTS,0.5,Dem.
JOEL ERIKSSON EK,eriksjo02,MIN,A,0.5,Dem.
JOEL ERIKSSON EK,eriksjo02,MIN,SOG,2.5,Gob.
JOEL ERIKSSON EK,eriksjo02,MIN,SOG,3.5,Dem.
JOEL ERIKSSON EK,eriksjo02,MIN,G,0.5,Dem.
JOEL ERIKSSON EK,eriksjo02,MIN,PTS,0.5,Gob.
JOEL ERIKSSON EK,eriksjo02,MIN,PTS,1.5,Dem.
LUKE EVANGELISTA,evanglu01,NSH,A,0.5,Dem.
LUKE EVANGELISTA,evanglu01,NSH,G,0.5,Dem.
LUKE EVANGELISTA,evanglu01,NSH,PTS,0.5,Dem.
LUKE EVANGELISTA,evanglu01,NSH,SOG,1.5,Gob.
LUKE EVANGELISTA,evanglu01,NSH,SOG,2.5,Dem.
BROCK FABER,faberbr01,MIN,A,0.5,Dem.
BROCK FABER,faberbr01,MIN,BLK,1.5,Norm.
BROCK FABER,faberbr01,MIN,TOI,25,Norm.
BROCK FABER,faberbr01,MIN,A,0.5,Norm.
BROCK FABER,faberbr01,MIN,PTS,0.5,Gob.
ADAM FANTILLI,fantiad01,CBJ,A,0.5,Dem.
ADAM FANTILLI,fantiad01,CBJ,G,0.5,Dem.
ADAM FANTILLI,fantiad01,CBJ,PTS,0.5,Dem.
ADAM FANTILLI,fantiad01,CBJ,SOG,1.5,Gob.
ADAM FANTILLI,fantiad01,CBJ,SOG,2.5,Dem.
ADAM FANTILLI,fantiad01,CBJ,TOI,17.5,Norm.
JUSTIN FAULK,faulkju01,STL,A,0.5,Dem.
JUSTIN FAULK,faulkju01,STL,SOG,1.5,Gob.
JUSTIN FAULK,faulkju01,STL,SOG,2.5,Dem.
JUSTIN FAULK,faulkju01,STL,BLK,1.5,Gob.
JUSTIN FAULK,faulkju01,STL,PTS,0.5,Dem.
MARTIN FEHERVARY,feherma01,WSH,BLK,1.5,Gob.
MARIO FERRARO,ferrama01,SJS,BLK,1.5,Gob.
MARIO FERRARO,ferrama01,SJS,BLK,2.5,Dem.
KEVIN FIALA,fialake01,LAK,A,0.5,Dem.
KEVIN FIALA,fialake01,LAK,G,0.5,Dem.
KEVIN FIALA,fialake01,LAK,PTS,0.5,Gob.
KEVIN FIALA,fialake01,LAK,PTS,1.5,Dem.
KEVIN FIALA,fialake01,LAK,SOG,2.5,Gob.
KEVIN FIALA,fialake01,LAK,SOG,3.5,Dem.
TYSON FOERSTER,foersty01,PHI,A,0.5,Dem.
TYSON FOERSTER,foersty01,PHI,G,0.5,Dem.
TYSON FOERSTER,foersty01,PHI,PTS,0.5,Dem.
TYSON FOERSTER,foersty01,PHI,SOG,2.5,Dem.
TYSON FOERSTER,foersty01,PHI,SOG,1.5,Gob.
MARCUS FOLIGNO,foligma01,MIN,HIT,3.5,Norm.
NICK FOLIGNO,foligni01,CHI,A,0.5,Dem.
NICK FOLIGNO,foligni01,CHI,G,0.5,Dem.
NICK FOLIGNO,foligni01,CHI,PTS,0.5,Dem.
NICK FOLIGNO,foligni01,CHI,SOG,1.5,Gob.
NICK FOLIGNO,foligni01,CHI,SOG,2.5,Dem.
FILIP FORSBERG,forsbfi01,NSH,A,0.5,Norm.
FILIP FORSBERG,forsbfi01,NSH,A,0.5,Gob.
FILIP FORSBERG,forsbfi01,NSH,G,0.5,Dem.
FILIP FORSBERG,forsbfi01,NSH,PTS,0.5,Gob.
FILIP FORSBERG,forsbfi01,NSH,PTS,1.5,Dem.
FILIP FORSBERG,forsbfi01,NSH,SOG,3.5,Gob.
FILIP FORSBERG,forsbfi01,NSH,SOG,4.5,Dem.
FILIP FORSBERG,forsbfi01,NSH,SOG,5.5,Dem.
FILIP FORSBERG,forsbfi01,NSH,TOI,20,Norm.
FILIP FORSBERG,forsbfi01,NSH,TOI,19.75,Norm.
GUSTAV FORSLING,forslgu02,FLA,A,0.5,Dem.
GUSTAV FORSLING,forslgu02,FLA,PTS,0.5,Dem.
GUSTAV FORSLING,forslgu02,FLA,SOG,1.5,Gob.
GUSTAV FORSLING,forslgu02,FLA,SOG,2.5,Dem.
GUSTAV FORSLING,forslgu02,FLA,TOI,22.75,Norm.
CAM FOWLER,fowleca01,ANA,A,0.5,Dem.
CAM FOWLER,fowleca01,ANA,PTS,0.5,Dem.
CAM FOWLER,fowleca01,ANA,TOI,22.75,Norm.
ADAM FOX,foxad01,NYR,A,0.5,Norm.
ADAM FOX,foxad01,NYR,PTS,0.5,Gob.
ADAM FOX,foxad01,NYR,PTS,1.5,Dem.
ADAM FOX,foxad01,NYR,SOG,1.5,Gob.
ADAM FOX,foxad01,NYR,SOG,2.5,Dem.
ADAM FOX,foxad01,NYR,TOI,22.75,Norm.
ADAM FOX,foxad01,NYR,BLK,1.5,Gob.
ADAM FOX,foxad01,NYR,TOI,23,Norm.
TRENT FREDERIC,fredetr01,BOS,HIT,3,Norm.
TRENT FREDERIC,fredetr01,BOS,HIT,2.5,Norm.
MORGAN FROST,frostmo01,PHI,A,0.5,Dem.
MORGAN FROST,frostmo01,PHI,G,0.5,Dem.
MORGAN FROST,frostmo01,PHI,PTS,0.5,Norm.
MORGAN FROST,frostmo01,PHI,SOG,2.5,Dem.
MORGAN FROST,frostmo01,PHI,SOG,1.5,Gob.
MORGAN FROST,frostmo01,PHI,PTS,0.5,Dem.
BRENDAN GALLAGHER,gallabr01,MTL,G,0.5,Dem.
BRENDAN GALLAGHER,gallabr01,MTL,SOG,1.5,Gob.
BRENDAN GALLAGHER,gallabr01,MTL,SOG,2.5,Dem.
BRENDAN GALLAGHER,gallabr01,MTL,SOG,3.5,Dem.
CONOR GARLAND,garlaco01,VAN,A,0.5,Dem.
CONOR GARLAND,garlaco01,VAN,G,0.5,Dem.
CONOR GARLAND,garlaco01,VAN,PTS,0.5,Norm.
CONOR GARLAND,garlaco01,VAN,SOG,2.5,Gob.
CONOR GARLAND,garlaco01,VAN,SOG,3.5,Dem.
CONOR GARLAND,garlaco01,VAN,SOG,2.5,Norm.
CUTTER GAUTHIER,gauthcu01,ANA,A,0.5,Dem.
CUTTER GAUTHIER,gauthcu01,ANA,G,0.5,Dem.
CUTTER GAUTHIER,gauthcu01,ANA,PTS,0.5,Dem.
CUTTER GAUTHIER,gauthcu01,ANA,SOG,1.5,Gob.
CUTTER GAUTHIER,gauthcu01,ANA,SOG,2.5,Dem.
VLADISLAV GAVRIKOV,gavrivl01,LAK,BLK,1.5,Norm.
VLADISLAV GAVRIKOV,gavrivl01,LAK,TOI,23.25,Norm.
SAMUEL GIRARD,girarsa01,COL,A,0.5,Dem.
SAMUEL GIRARD,girarsa01,COL,PTS,0.5,Dem.
CLAUDE GIROUX,giroucl01,OTT,A,0.5,Dem.
CLAUDE GIROUX,giroucl01,OTT,G,0.5,Dem.
CLAUDE GIROUX,giroucl01,OTT,PTS,0.5,Norm.
CLAUDE GIROUX,giroucl01,OTT,PTS,0.5,Gob.
CLAUDE GIROUX,giroucl01,OTT,SOG,1.5,Gob.
CLAUDE GIROUX,giroucl01,OTT,SOG,2.5,Dem.
CLAUDE GIROUX,giroucl01,OTT,A,0.5,Norm.
CLAUDE GIROUX,giroucl01,OTT,PTS,1.5,Dem.
SHAYNE GOSTISBEHERE,gostish01,CAR,A,0.5,Dem.
SHAYNE GOSTISBEHERE,gostish01,CAR,PTS,0.5,Dem.
SHAYNE GOSTISBEHERE,gostish01,CAR,SOG,1.5,Gob.
SHAYNE GOSTISBEHERE,gostish01,CAR,SOG,2.5,Dem.
MIKAEL GRANLUND,granlmi01,SJS,A,0.5,Gob.
MIKAEL GRANLUND,granlmi01,SJS,G,0.5,Dem.
MIKAEL GRANLUND,granlmi01,SJS,PTS,0.5,Gob.
MIKAEL GRANLUND,granlmi01,SJS,PTS,1.5,Dem.
MIKAEL GRANLUND,granlmi01,SJS,SOG,1.5,Gob.
MIKAEL GRANLUND,granlmi01,SJS,SOG,2.5,Dem.
RYAN GRAVES,gravery01,PIT,BLK,1.5,Gob.
RYAN GRAVES,gravery01,PIT,BLK,1.5,Norm.
JORDAN GREENWAY,greenjo02,BUF,A,0.5,Dem.
MATT GRZELCYK,grzelma01,PIT,HIT,0.5,Norm.
RADKO GUDAS,gudasra01,ANA,BLK,2.5,Norm.
RADKO GUDAS,gudasra01,ANA,HIT,3,Norm.
RADKO GUDAS,gudasra01,ANA,HIT,3.5,Norm.
RADKO GUDAS,gudasra01,ANA,BLK,2.5,Dem.
DYLAN GUENTHER,guentdy01,ARI,A,0.5,Dem.
DYLAN GUENTHER,guentdy01,ARI,G,0.5,Dem.
DYLAN GUENTHER,guentdy01,ARI,PTS,0.5,Dem.
DYLAN GUENTHER,guentdy01,ARI,PTS,0.5,Gob.
DYLAN GUENTHER,guentdy01,ARI,SOG,2.5,Norm.
DYLAN GUENTHER,guentdy01,ARI,SOG,1.5,Gob.
DYLAN GUENTHER,guentdy01,ARI,SOG,2.5,Gob.
JAKE GUENTZEL,guentja01,TBL,A,0.5,Norm.
JAKE GUENTZEL,guentja01,TBL,G,0.5,Dem.
JAKE GUENTZEL,guentja01,TBL,HIT,0.5,Norm.
JAKE GUENTZEL,guentja01,TBL,PTS,0.5,Gob.
JAKE GUENTZEL,guentja01,TBL,PTS,1.5,Dem.
JAKE GUENTZEL,guentja01,TBL,SOG,2.5,Gob.
JAKE GUENTZEL,guentja01,TBL,SOG,3.5,Dem.
BRANDON HAGEL,hagelbr01,TBL,A,0.5,Dem.
BRANDON HAGEL,hagelbr01,TBL,G,0.5,Dem.
BRANDON HAGEL,hagelbr01,TBL,HIT,0.5,Norm.
BRANDON HAGEL,hagelbr01,TBL,PTS,0.5,Gob.
BRANDON HAGEL,hagelbr01,TBL,PTS,1.5,Dem.
BRANDON HAGEL,hagelbr01,TBL,SOG,1.5,Gob.
BRANDON HAGEL,hagelbr01,TBL,SOG,2.5,Dem.
TAYLOR HALL,hallta02,CHI,A,0.5,Dem.
TAYLOR HALL,hallta02,CHI,G,0.5,Dem.
TAYLOR HALL,hallta02,CHI,HIT,0.5,Norm.
TAYLOR HALL,hallta02,CHI,PTS,0.5,Dem.
TAYLOR HALL,hallta02,CHI,SOG,1.5,Gob.
TAYLOR HALL,hallta02,CHI,SOG,2.5,Dem.
DOUGIE HAMILTON,hamildo01,NJD,A,0.5,Dem.
DOUGIE HAMILTON,hamildo01,NJD,PTS,0.5,Norm.
DOUGIE HAMILTON,hamildo01,NJD,SOG,2.5,Gob.
DOUGIE HAMILTON,hamildo01,NJD,SOG,3.5,Dem.
DOUGIE HAMILTON,hamildo01,NJD,SOG,4.5,Dem.
DOUGIE HAMILTON,hamildo01,NJD,TOI,22.75,Norm.
DOUGIE HAMILTON,hamildo01,NJD,TOI,22.25,Norm.
TRAVIS HAMONIC,hamontr01,OTT,BLK,1.5,Gob.
TRAVIS HAMONIC,hamontr01,OTT,BLK,2.5,Dem.
NOAH HANIFIN,hanifno01,VEG,A,0.5,Dem.
NOAH HANIFIN,hanifno01,VEG,PTS,0.5,Dem.
NOAH HANIFIN,hanifno01,VEG,SOG,1.5,Gob.
NOAH HANIFIN,hanifno01,VEG,SOG,2.5,Dem.
NOAH HANIFIN,hanifno01,VEG,TOI,21,Norm.
NOAH HANIFIN,hanifno01,VEG,TOI,21.25,Norm.
THOMAS HARLEY,harleth01,DAL,A,0.5,Dem.
THOMAS HARLEY,harleth01,DAL,PTS,0.5,Dem.
THOMAS HARLEY,harleth01,DAL,SOG,1.5,Gob.
THOMAS HARLEY,harleth01,DAL,SOG,2.5,Dem.
RYAN HARTMAN,hartmry01,MIN,G,0.5,Dem.
GARNET HATHAWAY,hathaga01,PHI,HIT,3.5,Norm.
ERIK HAULA,haulaer01,NJD,A,0.5,Dem.
ERIK HAULA,haulaer01,NJD,G,0.5,Dem.
ERIK HAULA,haulaer01,NJD,PTS,0.5,Dem.
ERIK HAULA,haulaer01,NJD,SOG,1.5,Norm.
ERIK HAULA,haulaer01,NJD,SOG,2.5,Dem.
ERIK HAULA,haulaer01,NJD,SOG,1.5,Gob.
BARRETT HAYTON,haytoba01,ARI,A,0.5,Dem.
BARRETT HAYTON,haytoba01,ARI,G,0.5,Dem.
BARRETT HAYTON,haytoba01,ARI,PTS,0.5,Dem.
BARRETT HAYTON,haytoba01,ARI,PTS,0.5,Norm.
BARRETT HAYTON,haytoba01,ARI,SOG,1.5,Gob.
BARRETT HAYTON,haytoba01,ARI,SOG,2.5,Dem.
VICTOR HEDMAN,hedmavi01,TBL,A,0.5,Norm.
VICTOR HEDMAN,hedmavi01,TBL,PTS,0.5,Gob.
VICTOR HEDMAN,hedmavi01,TBL,PTS,1.5,Dem.
VICTOR HEDMAN,hedmavi01,TBL,SOG,2.5,Norm.
VICTOR HEDMAN,hedmavi01,TBL,SOG,1.5,Gob.
VICTOR HEDMAN,hedmavi01,TBL,TOI,24,Norm.
MIRO HEISKANEN,heiskmi01,DAL,A,0.5,Dem.
MIRO HEISKANEN,heiskmi01,DAL,PTS,0.5,Gob.
MIRO HEISKANEN,heiskmi01,DAL,SOG,1.5,Gob.
TOMAS HERTL,hertlto01,VEG,A,0.5,Dem.
TOMAS HERTL,hertlto01,VEG,G,0.5,Dem.
TOMAS HERTL,hertlto01,VEG,PTS,0.5,Norm.
TOMAS HERTL,hertlto01,VEG,PTS,0.5,Gob.
TOMAS HERTL,hertlto01,VEG,PTS,1.5,Dem.
TOMAS HERTL,hertlto01,VEG,SOG,1.5,Gob.
TOMAS HERTL,hertlto01,VEG,SOG,2.5,Dem.
ROOPE HINTZ,hintzro01,DAL,A,0.5,Dem.
ROOPE HINTZ,hintzro01,DAL,G,0.5,Dem.
ROOPE HINTZ,hintzro01,DAL,PTS,0.5,Gob.
ROOPE HINTZ,hintzro01,DAL,PTS,1.5,Dem.
ROOPE HINTZ,hintzro01,DAL,SOG,1.5,Gob.
ROOPE HINTZ,hintzro01,DAL,SOG,2.5,Dem.
NICO HISCHIER,hischni01,NJD,A,0.5,Dem.
NICO HISCHIER,hischni01,NJD,G,0.5,Dem.
NICO HISCHIER,hischni01,NJD,PTS,0.5,Gob.
NICO HISCHIER,hischni01,NJD,PTS,1.5,Dem.
NICO HISCHIER,hischni01,NJD,SOG,2.5,Gob.
NICO HISCHIER,hischni01,NJD,SOG,3.5,Dem.
NICO HISCHIER,hischni01,NJD,SOG,4.5,Dem.
NILS HOGLANDER,hoglani01,VAN,G,0.5,Dem.
DYLAN HOLLOWAY,hollody01,STL,G,0.5,Dem.
DYLAN HOLLOWAY,hollody01,STL,HIT,2.5,Norm.
BO HORVAT,horvabo01,NYI,A,0.5,Dem.
BO HORVAT,horvabo01,NYI,G,0.5,Dem.
BO HORVAT,horvabo01,NYI,HIT,0.5,Norm.
BO HORVAT,horvabo01,NYI,PTS,0.5,Gob.
BO HORVAT,horvabo01,NYI,PTS,1.5,Dem.
BO HORVAT,horvabo01,NYI,SOG,2.5,Gob.
BO HORVAT,horvabo01,NYI,SOG,3.5,Dem.
FILIP HRONEK,hronefi01,VAN,A,0.5,Dem.
FILIP HRONEK,hronefi01,VAN,PTS,0.5,Dem.
JONATHAN HUBERDEAU,huberjo01,CGY,A,0.5,Dem.
JONATHAN HUBERDEAU,huberjo01,CGY,G,0.5,Dem.
JONATHAN HUBERDEAU,huberjo01,CGY,PTS,0.5,Gob.
JONATHAN HUBERDEAU,huberjo01,CGY,PTS,0.5,Norm.
JONATHAN HUBERDEAU,huberjo01,CGY,SOG,1.5,Gob.
JONATHAN HUBERDEAU,huberjo01,CGY,SOG,2.5,Dem.
JACK HUGHES,hugheja03,NJD,A,0.5,Norm.
JACK HUGHES,hugheja03,NJD,G,0.5,Dem.
JACK HUGHES,hugheja03,NJD,PTS,0.5,Gob.
JACK HUGHES,hugheja03,NJD,PTS,1.5,Dem.
JACK HUGHES,hugheja03,NJD,SOG,2.5,Gob.
JACK HUGHES,hugheja03,NJD,SOG,3.5,Norm.
JACK HUGHES,hugheja03,NJD,SOG,4.5,Dem.
JACK HUGHES,hugheja03,NJD,SOG,5.5,Dem.
JACK HUGHES,hugheja03,NJD,SOG,3.5,Gob.
JACK HUGHES,hugheja03,NJD,TOI,20.75,Norm.
LUKE HUGHES,hughelu01,NJD,A,0.5,Dem.
LUKE HUGHES,hughelu01,NJD,PTS,0.5,Dem.
LUKE HUGHES,hughelu01,NJD,SOG,2.5,Dem.
LUKE HUGHES,hughelu01,NJD,SOG,1.5,Gob.
QUINN HUGHES,hughequ01,VAN,A,0.5,Gob.
QUINN HUGHES,hughequ01,VAN,A,1.5,Dem.
QUINN HUGHES,hughequ01,VAN,PTS,0.5,Gob.
QUINN HUGHES,hughequ01,VAN,PTS,1.5,Dem.
QUINN HUGHES,hughequ01,VAN,SOG,2.5,Gob.
QUINN HUGHES,hughequ01,VAN,SOG,3.5,Dem.
QUINN HUGHES,hughequ01,VAN,SOG,2.5,Dem.
QUINN HUGHES,hughequ01,VAN,TOI,24.5,Norm.
QUINN HUGHES,hughequ01,VAN,TOI,24.75,Norm.
LANE HUTSON,hutsola01,MTL,A,0.5,Dem.
LANE HUTSON,hutsola01,MTL,PTS,0.5,Dem.
LANE HUTSON,hutsola01,MTL,TOI,23.5,Norm.
LANE HUTSON,hutsola01,MTL,TOI,23.75,Norm.
ZACH HYMAN,hymanza01,EDM,A,0.5,Dem.
ZACH HYMAN,hymanza01,EDM,G,0.5,Dem.
ZACH HYMAN,hymanza01,EDM,PTS,0.5,Gob.
ZACH HYMAN,hymanza01,EDM,PTS,1.5,Dem.
ZACH HYMAN,hymanza01,EDM,SOG,2.5,Gob.
ZACH HYMAN,hymanza01,EDM,SOG,3.5,Norm.
ZACH HYMAN,hymanza01,EDM,SOG,4.5,Dem.
SETH JARVIS,jarvise01,CAR,A,0.5,Dem.
SETH JARVIS,jarvise01,CAR,G,0.5,Dem.
SETH JARVIS,jarvise01,CAR,PTS,0.5,Gob.
SETH JARVIS,jarvise01,CAR,PTS,1.5,Dem.
SETH JARVIS,jarvise01,CAR,SOG,1.5,Gob.
SETH JARVIS,jarvise01,CAR,SOG,2.5,Dem.
TANNER JEANNOT,jeannta01,LAK,HIT,3,Norm.
TANNER JEANNOT,jeannta01,LAK,HIT,3.5,Norm.
WYATT JOHNSTON,johnswy01,DAL,A,0.5,Dem.
WYATT JOHNSTON,johnswy01,DAL,G,0.5,Dem.
WYATT JOHNSTON,johnswy01,DAL,PTS,0.5,Gob.
WYATT JOHNSTON,johnswy01,DAL,PTS,1.5,Dem.
WYATT JOHNSTON,johnswy01,DAL,SOG,2.5,Gob.
WYATT JOHNSTON,johnswy01,DAL,SOG,3.5,Dem.
SETH JONES,jonesse01,CHI,A,0.5,Dem.
SETH JONES,jonesse01,CHI,BLK,1.5,Gob.
SETH JONES,jonesse01,CHI,PTS,0.5,Norm.
SETH JONES,jonesse01,CHI,SOG,1.5,Gob.
SETH JONES,jonesse01,CHI,SOG,2.5,Norm.
SETH JONES,jonesse01,CHI,SOG,2.5,Dem.
SETH JONES,jonesse01,CHI,TOI,25.25,Norm.
SETH JONES,jonesse01,CHI,TOI,25.5,Norm.
ROMAN JOSI,josiro01,NSH,A,0.5,Gob.
ROMAN JOSI,josiro01,NSH,A,1.5,Dem.
ROMAN JOSI,josiro01,NSH,BLK,1.5,Gob.
ROMAN JOSI,josiro01,NSH,G,0.5,Dem.
ROMAN JOSI,josiro01,NSH,PTS,0.5,Gob.
ROMAN JOSI,josiro01,NSH,PTS,1.5,Dem.
ROMAN JOSI,josiro01,NSH,SOG,2.5,Gob.
ROMAN JOSI,josiro01,NSH,SOG,3.5,Norm.
ROMAN JOSI,josiro01,NSH,TOI,25.25,Norm.
ROMAN JOSI,josiro01,NSH,TOI,25.5,Norm.
NAZEM KADRI,kadrina01,CGY,A,0.5,Dem.
NAZEM KADRI,kadrina01,CGY,G,0.5,Dem.
NAZEM KADRI,kadrina01,CGY,HIT,0.5,Norm.
NAZEM KADRI,kadrina01,CGY,PTS,0.5,Gob.
NAZEM KADRI,kadrina01,CGY,PTS,1.5,Dem.
NAZEM KADRI,kadrina01,CGY,SOG,3.5,Norm.
NAZEM KADRI,kadrina01,CGY,SOG,2.5,Gob.
NAZEM KADRI,kadrina01,CGY,SOG,4.5,Dem.
NAZEM KADRI,kadrina01,CGY,TOI,19,Norm.
KAAPO KAKKO,kakkoka01,NYR,G,0.5,Dem.
PATRICK KANE,kanepa01,DET,A,0.5,Dem.
PATRICK KANE,kanepa01,DET,G,0.5,Dem.
PATRICK KANE,kanepa01,DET,PTS,1.5,Dem.
PATRICK KANE,kanepa01,DET,PTS,0.5,Gob.
PATRICK KANE,kanepa01,DET,SOG,2.5,Dem.
PATRICK KANE,kanepa01,DET,SOG,1.5,Gob.
KIRILL KAPRIZOV,kapriki01,MIN,A,0.5,Gob.
KIRILL KAPRIZOV,kapriki01,MIN,TOI,21.5,Norm.
KIRILL KAPRIZOV,kapriki01,MIN,A,1.5,Dem.
KIRILL KAPRIZOV,kapriki01,MIN,SOG,3.5,Gob.
KIRILL KAPRIZOV,kapriki01,MIN,SOG,4.5,Dem.
KIRILL KAPRIZOV,kapriki01,MIN,G,0.5,Dem.
KIRILL KAPRIZOV,kapriki01,MIN,PTS,0.5,Gob.
KIRILL KAPRIZOV,kapriki01,MIN,PTS,1.5,Dem.
ERIK KARLSSON,karlser01,PIT,A,0.5,Dem.
ERIK KARLSSON,karlser01,PIT,PTS,0.5,Norm.
ERIK KARLSSON,karlser01,PIT,SOG,1.5,Gob.
ERIK KARLSSON,karlser01,PIT,SOG,2.5,Dem.
ERIK KARLSSON,karlser01,PIT,SOG,2.5,Norm.
WILLIAM KARLSSON,karlswi01,VEG,G,0.5,Dem.
CLAYTON KELLER,kellecl01,ARI,A,0.5,Dem.
CLAYTON KELLER,kellecl01,ARI,G,0.5,Dem.
CLAYTON KELLER,kellecl01,ARI,PTS,0.5,Gob.
CLAYTON KELLER,kellecl01,ARI,PTS,1.5,Dem.
CLAYTON KELLER,kellecl01,ARI,SOG,2.5,Gob.
CLAYTON KELLER,kellecl01,ARI,SOG,3.5,Dem.
CLAYTON KELLER,kellecl01,ARI,TOI,18.5,Norm.
CLAYTON KELLER,kellecl01,ARI,TOI,18.75,Norm.
ADRIAN KEMPE,kempead01,LAK,A,0.5,Dem.
ADRIAN KEMPE,kempead01,LAK,G,0.5,Dem.
ADRIAN KEMPE,kempead01,LAK,PTS,0.5,Gob.
ADRIAN KEMPE,kempead01,LAK,PTS,1.5,Dem.
ADRIAN KEMPE,kempead01,LAK,SOG,2.5,Gob.
ADRIAN KEMPE,kempead01,LAK,SOG,3.5,Dem.
ALEX KILLORN,killoal01,ANA,A,0.5,Dem.
ALEX KILLORN,killoal01,ANA,G,0.5,Dem.
ALEX KILLORN,killoal01,ANA,PTS,0.5,Dem.
ALEX KILLORN,killoal01,ANA,SOG,1.5,Gob.
ALEX KILLORN,killoal01,ANA,SOG,2.5,Dem.
ALEX KILLORN,killoal01,ANA,TOI,17.25,Norm.
ALEX KILLORN,killoal01,ANA,TOI,17,Norm.
MATTHEW KNIES,kniesma01,TOR,A,0.5,Dem.
MATTHEW KNIES,kniesma01,TOR,G,0.5,Dem.
MATTHEW KNIES,kniesma01,TOR,PTS,0.5,Dem.
MATTHEW KNIES,kniesma01,TOR,SOG,1.5,Gob.
MATTHEW KNIES,kniesma01,TOR,SOG,2.5,Dem.
KEEGAN KOLESAR,koleske01,VEG,HIT,3.5,Norm.
KEEGAN KOLESAR,koleske01,VEG,HIT,3,Norm.
TRAVIS KONECNY,konectr01,PHI,A,0.5,Dem.
TRAVIS KONECNY,konectr01,PHI,G,0.5,Dem.
TRAVIS KONECNY,konectr01,PHI,PTS,1.5,Dem.
TRAVIS KONECNY,konectr01,PHI,PTS,0.5,Gob.
TRAVIS KONECNY,konectr01,PHI,SOG,3.5,Dem.
TRAVIS KONECNY,konectr01,PHI,SOG,2.5,Gob.
ANZE KOPITAR,kopitan01,LAK,A,0.5,Dem.
ANZE KOPITAR,kopitan01,LAK,G,0.5,Dem.
ANZE KOPITAR,kopitan01,LAK,PTS,0.5,Gob.
ANZE KOPITAR,kopitan01,LAK,PTS,1.5,Dem.
ANZE KOPITAR,kopitan01,LAK,SOG,1.5,Gob.
ANZE KOPITAR,kopitan01,LAK,TOI,19,Norm.
KLIM KOSTIN,kostikl01,SJS,HIT,1.5,Norm.
CHRIS KREIDER,kreidch01,NYR,A,0.5,Dem.
CHRIS KREIDER,kreidch01,NYR,G,0.5,Dem.
CHRIS KREIDER,kreidch01,NYR,PTS,0.5,Gob.
CHRIS KREIDER,kreidch01,NYR,PTS,1.5,Dem.
CHRIS KREIDER,kreidch01,NYR,SOG,2.5,Gob.
CHRIS KREIDER,kreidch01,NYR,SOG,3.5,Dem.
NIKITA KUCHEROV,kucheni01,TBL,A,0.5,Gob.
NIKITA KUCHEROV,kucheni01,TBL,A,1.5,Dem.
NIKITA KUCHEROV,kucheni01,TBL,PTS,1.5,Norm.
NIKITA KUCHEROV,kucheni01,TBL,PTS,2.5,Dem.
NIKITA KUCHEROV,kucheni01,TBL,SOG,3.5,Norm.
NIKITA KUCHEROV,kucheni01,TBL,SOG,2.5,Gob.
NIKITA KUCHEROV,kucheni01,TBL,SOG,4.5,Dem.
NIKITA KUCHEROV,kucheni01,TBL,TOI,21.75,Norm.
PHILIPP KURASHEV,kurasph01,CHI,A,0.5,Dem.
PHILIPP KURASHEV,kurasph01,CHI,PTS,0.5,Dem.
ANDREI KUZMENKO,kuzmean01,CGY,A,0.5,Dem.
ANDREI KUZMENKO,kuzmean01,CGY,G,0.5,Dem.
ANDREI KUZMENKO,kuzmean01,CGY,PTS,0.5,Gob.
ANDREI KUZMENKO,kuzmean01,CGY,PTS,0.5,Norm.
ANDREI KUZMENKO,kuzmean01,CGY,SOG,1.5,Gob.
ANDREI KUZMENKO,kuzmean01,CGY,SOG,2.5,Dem.
JORDAN KYROU,kyroujo01,STL,A,0.5,Dem.
JORDAN KYROU,kyroujo01,STL,G,0.5,Dem.
JORDAN KYROU,kyroujo01,STL,PTS,0.5,Gob.
JORDAN KYROU,kyroujo01,STL,PTS,1.5,Dem.
JORDAN KYROU,kyroujo01,STL,SOG,2.5,Gob.
JORDAN KYROU,kyroujo01,STL,SOG,3.5,Dem.
JACKSON LACOMBE,lacomja01,ANA,BLK,1.5,Gob.
ALEX LAFERRIERE,laferal01,LAK,A,0.5,Dem.
ALEX LAFERRIERE,laferal01,LAK,G,0.5,Dem.
ALEX LAFERRIERE,laferal01,LAK,PTS,0.5,Dem.
ALEX LAFERRIERE,laferal01,LAK,SOG,1.5,Gob.
ALEX LAFERRIERE,laferal01,LAK,SOG,2.5,Dem.
ALEXIS LAFRENIERE,lafreal01,NYR,A,0.5,Dem.
ALEXIS LAFRENIERE,lafreal01,NYR,G,0.5,Dem.
ALEXIS LAFRENIERE,lafreal01,NYR,PTS,0.5,Gob.
ALEXIS LAFRENIERE,lafreal01,NYR,PTS,1.5,Dem.
ALEXIS LAFRENIERE,lafreal01,NYR,SOG,2.5,Gob.
ALEXIS LAFRENIERE,lafreal01,NYR,SOG,3.5,Dem.
DYLAN LARKIN,larkidy01,DET,A,0.5,Dem.
DYLAN LARKIN,larkidy01,DET,G,0.5,Dem.
DYLAN LARKIN,larkidy01,DET,PTS,1.5,Dem.
DYLAN LARKIN,larkidy01,DET,PTS,0.5,Gob.
DYLAN LARKIN,larkidy01,DET,SOG,3.5,Dem.
DYLAN LARKIN,larkidy01,DET,SOG,2.5,Gob.
DYLAN LARKIN,larkidy01,DET,TOI,20.5,Norm.
ADAM LARSSON,larssad01,SEA,BLK,1.5,Gob.
SCOTT LAUGHTON,laughsc01,PHI,A,0.5,Dem.
SCOTT LAUGHTON,laughsc01,PHI,PTS,0.5,Dem.
SCOTT LAUGHTON,laughsc01,PHI,SOG,2.5,Dem.
SCOTT LAUGHTON,laughsc01,PHI,SOG,1.5,Gob.
JEREMY LAUZON,lauzoje01,NSH,HIT,4.5,Norm.
ANDERS LEE,leean01,NYI,A,0.5,Dem.
ANDERS LEE,leean01,NYI,G,0.5,Dem.
ANDERS LEE,leean01,NYI,PTS,0.5,Dem.
ANDERS LEE,leean01,NYI,SOG,2.5,Norm.
ANDERS LEE,leean01,NYI,SOG,1.5,Gob.
ANDERS LEE,leean01,NYI,SOG,2.5,Dem.
ANDERS LEE,leean01,NYI,SOG,3.5,Dem.
KRIS LETANG,letankr01,PIT,A,0.5,Dem.
KRIS LETANG,letankr01,PIT,PTS,0.5,Dem.
KRIS LETANG,letankr01,PIT,SOG,1.5,Gob.
KRIS LETANG,letankr01,PIT,SOG,2.5,Dem.
KRIS LETANG,letankr01,PIT,TOI,22.75,Norm.
ELIAS LINDHOLM,lindhel01,BOS,A,0.5,Dem.
ELIAS LINDHOLM,lindhel01,BOS,G,0.5,Dem.
ELIAS LINDHOLM,lindhel01,BOS,PTS,0.5,Norm.
ELIAS LINDHOLM,lindhel01,BOS,SOG,1.5,Gob.
ELIAS LINDHOLM,lindhel01,BOS,SOG,2.5,Dem.
HAMPUS LINDHOLM,lindhha01,BOS,A,0.5,Dem.
HAMPUS LINDHOLM,lindhha01,BOS,PTS,0.5,Dem.
ANTON LUNDELL,lundean01,FLA,A,0.5,Dem.
ANTON LUNDELL,lundean01,FLA,G,0.5,Dem.
ANTON LUNDELL,lundean01,FLA,PTS,0.5,Norm.
ANTON LUNDELL,lundean01,FLA,SOG,1.5,Gob.
ANTON LUNDELL,lundean01,FLA,SOG,2.5,Dem.
NATHAN MACKINNON,mackina01,COL,A,0.5,Gob.
NATHAN MACKINNON,mackina01,COL,G,0.5,Norm.
NATHAN MACKINNON,mackina01,COL,HIT,0.5,Norm.
NATHAN MACKINNON,mackina01,COL,PTS,2.5,Dem.
NATHAN MACKINNON,mackina01,COL,PTS,1.5,Gob.
NATHAN MACKINNON,mackina01,COL,SOG,4.5,Dem.
NATHAN MACKINNON,mackina01,COL,SOG,3.5,Gob.
NATHAN MACKINNON,mackina01,COL,SOG,4.5,Norm.
NATHAN MACKINNON,mackina01,COL,TOI,22.5,Norm.
NATHAN MACKINNON,mackina01,COL,TOI,22.25,Norm.
CALE MAKAR,makarca01,COL,A,1.5,Dem.
CALE MAKAR,makarca01,COL,A,0.5,Gob.
CALE MAKAR,makarca01,COL,BLK,1.5,Gob.
CALE MAKAR,makarca01,COL,G,0.5,Dem.
CALE MAKAR,makarca01,COL,PTS,1.5,Dem.
CALE MAKAR,makarca01,COL,PTS,2.5,Dem.
CALE MAKAR,makarca01,COL,PTS,0.5,Gob.
CALE MAKAR,makarca01,COL,SOG,3.5,Dem.
CALE MAKAR,makarca01,COL,SOG,2.5,Gob.
CALE MAKAR,makarca01,COL,TOI,24.25,Norm.
CALE MAKAR,makarca01,COL,TOI,23.75,Norm.
EVGENI MALKIN,malkiev01,PIT,A,0.5,Dem.
EVGENI MALKIN,malkiev01,PIT,G,0.5,Dem.
EVGENI MALKIN,malkiev01,PIT,PTS,0.5,Gob.
EVGENI MALKIN,malkiev01,PIT,PTS,1.5,Dem.
EVGENI MALKIN,malkiev01,PIT,SOG,1.5,Gob.
EVGENI MALKIN,malkiev01,PIT,SOG,2.5,Dem.
JOSH MANSON,mansojo01,COL,HIT,2.5,Norm.
JOSH MANSON,mansojo01,COL,SOG,2.5,Dem.
JOSH MANSON,mansojo01,COL,SOG,1.5,Gob.
BRAD MARCHAND,marchbr03,BOS,A,0.5,Dem.
BRAD MARCHAND,marchbr03,BOS,G,0.5,Dem.
BRAD MARCHAND,marchbr03,BOS,PTS,0.5,Gob.
BRAD MARCHAND,marchbr03,BOS,PTS,1.5,Dem.
BRAD MARCHAND,marchbr03,BOS,SOG,1.5,Gob.
BRAD MARCHAND,marchbr03,BOS,SOG,2.5,Dem.
KIRILL MARCHENKO,marchki01,CBJ,A,0.5,Dem.
KIRILL MARCHENKO,marchki01,CBJ,G,0.5,Dem.
KIRILL MARCHENKO,marchki01,CBJ,PTS,0.5,Norm.
KIRILL MARCHENKO,marchki01,CBJ,SOG,3.5,Dem.
MASON MARCHMENT,marchma01,DAL,A,0.5,Dem.
MASON MARCHMENT,marchma01,DAL,G,0.5,Dem.
MASON MARCHMENT,marchma01,DAL,PTS,0.5,Norm.
MASON MARCHMENT,marchma01,DAL,SOG,1.5,Gob.
MASON MARCHMENT,marchma01,DAL,SOG,2.5,Dem.
MITCH MARNER,marnemi01,TOR,A,0.5,Norm.
MITCH MARNER,marnemi01,TOR,G,0.5,Dem.
MITCH MARNER,marnemi01,TOR,PTS,0.5,Gob.
MITCH MARNER,marnemi01,TOR,PTS,1.5,Dem.
MITCH MARNER,marnemi01,TOR,SOG,1.5,Gob.
MITCH MARNER,marnemi01,TOR,SOG,2.5,Dem.
PAT MAROON,maroopa01,CHI,HIT,1.5,Norm.
JORDAN MARTINOOK,martijo01,CAR,SOG,1.5,Gob.
JORDAN MARTINOOK,martijo01,CAR,SOG,2.5,Dem.
MICHAEL MATHESON,mathemi01,MTL,A,0.5,Norm.
AUSTON MATTHEWS,matthau01,TOR,A,0.5,Dem.
AUSTON MATTHEWS,matthau01,TOR,G,0.5,Norm.
AUSTON MATTHEWS,matthau01,TOR,PTS,0.5,Gob.
AUSTON MATTHEWS,matthau01,TOR,PTS,1.5,Dem.
AUSTON MATTHEWS,matthau01,TOR,SOG,4.5,Norm.
AUSTON MATTHEWS,matthau01,TOR,SOG,3.5,Gob.
AUSTON MATTHEWS,matthau01,TOR,TOI,20.75,Norm.
SCOTT MAYFIELD,mayfisc01,NYI,BLK,1.5,Gob.
CHARLIE MCAVOY,mcavoch01,BOS,A,0.5,Dem.
CHARLIE MCAVOY,mcavoch01,BOS,BLK,1.5,Gob.
CHARLIE MCAVOY,mcavoch01,BOS,PTS,0.5,Dem.
CHARLIE MCAVOY,mcavoch01,BOS,SOG,1.5,Gob.
CHARLIE MCAVOY,mcavoch01,BOS,SOG,2.5,Dem.
CHARLIE MCAVOY,mcavoch01,BOS,TOI,23,Norm.
JACK MCBAIN,mcbaija03,ARI,HIT,2.5,Norm.
JAKE MCCABE,mccabja01,TOR,HIT,2.5,Norm.
JARED MCCANN,mccanja01,SEA,A,0.5,Dem.
JARED MCCANN,mccanja01,SEA,G,0.5,Dem.
JARED MCCANN,mccanja01,SEA,PTS,0.5,Norm.
JARED MCCANN,mccanja01,SEA,SOG,2.5,Gob.
JARED MCCANN,mccanja01,SEA,SOG,3.5,Dem.
JARED MCCANN,mccanja01,SEA,PTS,0.5,Gob.
JARED MCCANN,mccanja01,SEA,PTS,1.5,Dem.
CONNOR MCDAVID,mcdavco01,EDM,A,0.5,Gob.
CONNOR MCDAVID,mcdavco01,EDM,A,1.5,Dem.
CONNOR MCDAVID,mcdavco01,EDM,G,0.5,Dem.
CONNOR MCDAVID,mcdavco01,EDM,PTS,1.5,Gob.
CONNOR MCDAVID,mcdavco01,EDM,PTS,2.5,Dem.
CONNOR MCDAVID,mcdavco01,EDM,PTS,1.5,Norm.
CONNOR MCDAVID,mcdavco01,EDM,SOG,2.5,Gob.
CONNOR MCDAVID,mcdavco01,EDM,SOG,3.5,Norm.
CONNOR MCDAVID,mcdavco01,EDM,SOG,4.5,Dem.
CONNOR MCDAVID,mcdavco01,EDM,TOI,22,Norm.
CONNOR MCDAVID,mcdavco01,EDM,TOI,21.75,Norm.
BOBBY MCMANN,mcmanbo02,TOR,G,0.5,Dem.
BOBBY MCMANN,mcmanbo02,TOR,SOG,1.5,Gob.
BOBBY MCMANN,mcmanbo02,TOR,SOG,2.5,Dem.
CONNOR MCMICHAEL,mcmicco01,WSH,A,0.5,Dem.
CONNOR MCMICHAEL,mcmicco01,WSH,G,0.5,Dem.
CONNOR MCMICHAEL,mcmicco01,WSH,PTS,0.5,Dem.
BRAYDEN MCNABB,mcnabbr01,VEG,BLK,2.5,Dem.
BRAYDEN MCNABB,mcnabbr01,VEG,BLK,2.5,Norm.
MASON MCTAVISH,mctavma01,ANA,A,0.5,Dem.
MASON MCTAVISH,mctavma01,ANA,G,0.5,Dem.
MASON MCTAVISH,mctavma01,ANA,PTS,0.5,Dem.
MASON MCTAVISH,mctavma01,ANA,SOG,1.5,Gob.
MASON MCTAVISH,mctavma01,ANA,SOG,2.5,Dem.
TIMO MEIER,meierti01,NJD,A,0.5,Dem.
TIMO MEIER,meierti01,NJD,G,0.5,Dem.
TIMO MEIER,meierti01,NJD,PTS,0.5,Gob.
TIMO MEIER,meierti01,NJD,PTS,1.5,Dem.
TIMO MEIER,meierti01,NJD,SOG,3.5,Dem.
TIMO MEIER,meierti01,NJD,SOG,2.5,Gob.
DAWSON MERCER,merceda01,NJD,A,0.5,Dem.
DAWSON MERCER,merceda01,NJD,G,0.5,Dem.
DAWSON MERCER,merceda01,NJD,PTS,0.5,Dem.
MATVEI MICHKOV,michkma01,PHI,A,0.5,Dem.
MATVEI MICHKOV,michkma01,PHI,G,0.5,Dem.
MATVEI MICHKOV,michkma01,PHI,PTS,1.5,Dem.
MATVEI MICHKOV,michkma01,PHI,PTS,0.5,Gob.
MATVEI MICHKOV,michkma01,PHI,SOG,3.5,Dem.
MATVEI MICHKOV,michkma01,PHI,SOG,1.5,Gob.
MATVEI MICHKOV,michkma01,PHI,TOI,18.5,Norm.
MATVEI MICHKOV,michkma01,PHI,TOI,19,Norm.
MATVEI MICHKOV,michkma01,PHI,SOG,2.5,Dem.
JAKE MIDDLETON,middlja01,MIN,BLK,2.5,Dem.
J.T. MILLER,millejt01,VAN,A,0.5,Norm.
J.T. MILLER,millejt01,VAN,A,0.5,Dem.
J.T. MILLER,millejt01,VAN,G,0.5,Dem.
J.T. MILLER,millejt01,VAN,PTS,0.5,Gob.
J.T. MILLER,millejt01,VAN,PTS,1.5,Dem.
J.T. MILLER,millejt01,VAN,SOG,1.5,Gob.
J.T. MILLER,millejt01,VAN,TOI,20,Norm.
CASEY MITTELSTADT,mitteca01,COL,A,0.5,Dem.
CASEY MITTELSTADT,mitteca01,COL,G,0.5,Dem.
CASEY MITTELSTADT,mitteca01,COL,PTS,0.5,Gob.
CASEY MITTELSTADT,mitteca01,COL,SOG,2.5,Dem.
CASEY MITTELSTADT,mitteca01,COL,SOG,1.5,Gob.
SEAN MONAHAN,monahse01,CBJ,A,0.5,Dem.
SEAN MONAHAN,monahse01,CBJ,G,0.5,Dem.
SEAN MONAHAN,monahse01,CBJ,PTS,0.5,Norm.
SEAN MONAHAN,monahse01,CBJ,SOG,1.5,Gob.
SEAN MONAHAN,monahse01,CBJ,SOG,2.5,Dem.
BRANDON MONTOUR,montobr01,SEA,A,0.5,Dem.
BRANDON MONTOUR,montobr01,SEA,PTS,0.5,Dem.
BRANDON MONTOUR,montobr01,SEA,TOI,24,Norm.
BRANDON MONTOUR,montobr01,SEA,SOG,2.5,Gob.
BRANDON MONTOUR,montobr01,SEA,SOG,3.5,Dem.
BRANDON MONTOUR,montobr01,SEA,PTS,0.5,Norm.
TREVOR MOORE,mooretr01,LAK,A,0.5,Dem.
TREVOR MOORE,mooretr01,LAK,G,0.5,Dem.
TREVOR MOORE,mooretr01,LAK,PTS,0.5,Dem.
TREVOR MOORE,mooretr01,LAK,SOG,2.5,Gob.
TREVOR MOORE,mooretr01,LAK,SOG,3.5,Dem.
JOSH MORRISSEY,morrijo04,WPG,A,0.5,Norm.
JOSH MORRISSEY,morrijo04,WPG,PTS,0.5,Gob.
JOSH MORRISSEY,morrijo04,WPG,PTS,1.5,Dem.
JOSH MORRISSEY,morrijo04,WPG,SOG,1.5,Gob.
JOSH MORRISSEY,morrijo04,WPG,SOG,2.5,Dem.
JOSH MORRISSEY,morrijo04,WPG,TOI,23.75,Norm.
CONNOR MURPHY,murphco02,CHI,BLK,2.5,Dem.
TYLER MYERS,myersty01,VAN,BLK,1.5,Gob.
TYLER MYERS,myersty01,VAN,SOG,1.5,Norm.
VLADISLAV NAMESTNIKOV,namesvl01,WPG,A,0.5,Dem.
VLADISLAV NAMESTNIKOV,namesvl01,WPG,PTS,0.5,Dem.
MARTIN NECAS,necasma01,CAR,A,0.5,Dem.
MARTIN NECAS,necasma01,CAR,G,0.5,Dem.
MARTIN NECAS,necasma01,CAR,PTS,0.5,Gob.
MARTIN NECAS,necasma01,CAR,PTS,1.5,Dem.
MARTIN NECAS,necasma01,CAR,SOG,2.5,Gob.
MARTIN NECAS,necasma01,CAR,SOG,3.5,Dem.
JAKE NEIGHBOURS,neighja01,STL,A,0.5,Dem.
JAKE NEIGHBOURS,neighja01,STL,G,0.5,Dem.
JAKE NEIGHBOURS,neighja01,STL,HIT,1.5,Norm.
JAKE NEIGHBOURS,neighja01,STL,PTS,0.5,Dem.
JAKE NEIGHBOURS,neighja01,STL,SOG,1.5,Gob.
JAKE NEIGHBOURS,neighja01,STL,SOG,2.5,Dem.
BROCK NELSON,nelsobr01,NYI,A,0.5,Dem.
BROCK NELSON,nelsobr01,NYI,G,0.5,Dem.
BROCK NELSON,nelsobr01,NYI,PTS,0.5,Gob.
BROCK NELSON,nelsobr01,NYI,PTS,1.5,Dem.
BROCK NELSON,nelsobr01,NYI,SOG,2.5,Gob.
BROCK NELSON,nelsobr01,NYI,SOG,3.5,Dem.
BROCK NELSON,nelsobr01,NYI,SOG,2.5,Norm.
BROCK NELSON,nelsobr01,NYI,SOG,1.5,Gob.
ALEX NEWHOOK,newhoal01,MTL,A,0.5,Dem.
ALEX NEWHOOK,newhoal01,MTL,G,0.5,Dem.
ALEX NEWHOOK,newhoal01,MTL,PTS,0.5,Dem.
ALEX NEWHOOK,newhoal01,MTL,SOG,1.5,Dem.
NINO NIEDERREITER,niedeni01,WPG,A,0.5,Dem.
NINO NIEDERREITER,niedeni01,WPG,G,0.5,Dem.
NINO NIEDERREITER,niedeni01,WPG,PTS,0.5,Dem.
NINO NIEDERREITER,niedeni01,WPG,SOG,1.5,Gob.
JOSH NORRIS,norrijo01,OTT,A,0.5,Dem.
JOSH NORRIS,norrijo01,OTT,G,0.5,Dem.
JOSH NORRIS,norrijo01,OTT,PTS,0.5,Norm.
JOSH NORRIS,norrijo01,OTT,SOG,1.5,Gob.
JOSH NORRIS,norrijo01,OTT,SOG,2.5,Dem.
JOSH NORRIS,norrijo01,OTT,PTS,0.5,Gob.
RYAN NUGENT-HOPKINS,nugenry01,EDM,A,0.5,Dem.
RYAN NUGENT-HOPKINS,nugenry01,EDM,G,0.5,Dem.
RYAN NUGENT-HOPKINS,nugenry01,EDM,PTS,0.5,Gob.
RYAN NUGENT-HOPKINS,nugenry01,EDM,PTS,1.5,Dem.
RYAN NUGENT-HOPKINS,nugenry01,EDM,SOG,1.5,Gob.
RYAN NUGENT-HOPKINS,nugenry01,EDM,SOG,2.5,Dem.
DARNELL NURSE,nurseda01,EDM,BLK,2.5,Dem.
DARNELL NURSE,nurseda01,EDM,SOG,1.5,Gob.
DARNELL NURSE,nurseda01,EDM,SOG,2.5,Dem.
WILLIAM NYLANDER,nylanwi01,TOR,A,0.5,Dem.
WILLIAM NYLANDER,nylanwi01,TOR,G,0.5,Dem.
WILLIAM NYLANDER,nylanwi01,TOR,PTS,0.5,Gob.
WILLIAM NYLANDER,nylanwi01,TOR,PTS,1.5,Dem.
WILLIAM NYLANDER,nylanwi01,TOR,SOG,2.5,Gob.
GUSTAV NYQUIST,nyquigu01,NSH,A,0.5,Dem.
GUSTAV NYQUIST,nyquigu01,NSH,G,0.5,Dem.
GUSTAV NYQUIST,nyquigu01,NSH,PTS,0.5,Norm.
GUSTAV NYQUIST,nyquigu01,NSH,PTS,0.5,Gob.
GUSTAV NYQUIST,nyquigu01,NSH,PTS,1.5,Dem.
GUSTAV NYQUIST,nyquigu01,NSH,SOG,1.5,Gob.
GUSTAV NYQUIST,nyquigu01,NSH,SOG,2.5,Dem.
DREW O'CONNOR,oconndr01,PIT,HIT,0.5,Norm.
DREW O'CONNOR,oconndr01,PIT,SOG,1.5,Gob.
DREW O'CONNOR,oconndr01,PIT,SOG,2.5,Dem.
DREW O'CONNOR,oconndr01,PIT,G,0.5,Dem.
JAMIE OLEKSIAK,oleksja01,SEA,BLK,1.5,Gob.
RYAN O'REILLY,oreilry01,NSH,A,0.5,Dem.
RYAN O'REILLY,oreilry01,NSH,A,0.5,Norm.
RYAN O'REILLY,oreilry01,NSH,G,0.5,Dem.
RYAN O'REILLY,oreilry01,NSH,PTS,0.5,Gob.
RYAN O'REILLY,oreilry01,NSH,PTS,1.5,Dem.
RYAN O'REILLY,oreilry01,NSH,SOG,1.5,Gob.
RYAN O'REILLY,oreilry01,NSH,SOG,2.5,Dem.
ALEX OVECHKIN,ovechal01,WSH,A,0.5,Dem.
ALEX OVECHKIN,ovechal01,WSH,G,0.5,Dem.
ALEX OVECHKIN,ovechal01,WSH,HIT,2.5,Norm.
ALEX OVECHKIN,ovechal01,WSH,PTS,0.5,Gob.
ALEX OVECHKIN,ovechal01,WSH,PTS,1.5,Dem.
ALEX OVECHKIN,ovechal01,WSH,SOG,2.5,Gob.
ALEX OVECHKIN,ovechal01,WSH,SOG,3.5,Dem.
ALEX OVECHKIN,ovechal01,WSH,TOI,19.25,Norm.
ALEX OVECHKIN,ovechal01,WSH,TOI,19,Norm.
JEAN-GABRIEL PAGEAU,pageaje01,NYI,A,0.5,Dem.
JEAN-GABRIEL PAGEAU,pageaje01,NYI,PTS,0.5,Dem.
KYLE PALMIERI,palmiky01,NYI,A,0.5,Dem.
KYLE PALMIERI,palmiky01,NYI,G,0.5,Dem.
KYLE PALMIERI,palmiky01,NYI,PTS,0.5,Norm.
KYLE PALMIERI,palmiky01,NYI,SOG,2.5,Gob.
KYLE PALMIERI,palmiky01,NYI,SOG,3.5,Dem.
KYLE PALMIERI,palmiky01,NYI,SOG,2.5,Norm.
KYLE PALMIERI,palmiky01,NYI,PTS,0.5,Gob.
KYLE PALMIERI,palmiky01,NYI,PTS,1.5,Dem.
ARTEMI PANARIN,panarar01,NYR,A,0.5,Gob.
ARTEMI PANARIN,panarar01,NYR,A,1.5,Dem.
ARTEMI PANARIN,panarar01,NYR,G,0.5,Dem.
ARTEMI PANARIN,panarar01,NYR,PTS,0.5,Gob.
ARTEMI PANARIN,panarar01,NYR,PTS,1.5,Dem.
ARTEMI PANARIN,panarar01,NYR,SOG,3.5,Gob.
ARTEMI PANARIN,panarar01,NYR,SOG,4.5,Dem.
ARTEMI PANARIN,panarar01,NYR,TOI,20,Norm.
ARTEMI PANARIN,panarar01,NYR,SOG,3.5,Norm.
ARTEMI PANARIN,panarar01,NYR,SOG,2.5,Gob.
COLTON PARAYKO,parayco01,STL,A,0.5,Dem.
COLTON PARAYKO,parayco01,STL,BLK,2.5,Dem.
COLTON PARAYKO,parayco01,STL,PTS,0.5,Dem.
COLTON PARAYKO,parayco01,STL,SOG,1.5,Gob.
COLTON PARAYKO,parayco01,STL,TOI,23.5,Norm.
COLTON PARAYKO,parayco01,STL,BLK,2.5,Norm.
DAVID PASTRNAK,pastrda01,BOS,A,0.5,Dem.
DAVID PASTRNAK,pastrda01,BOS,G,0.5,Dem.
DAVID PASTRNAK,pastrda01,BOS,PTS,0.5,Gob.
DAVID PASTRNAK,pastrda01,BOS,PTS,1.5,Dem.
DAVID PASTRNAK,pastrda01,BOS,SOG,3.5,Gob.
DAVID PASTRNAK,pastrda01,BOS,SOG,4.5,Dem.
DAVID PASTRNAK,pastrda01,BOS,TOI,19.75,Norm.
NICHOLAS PAUL,paulni01,TBL,A,0.5,Dem.
NICHOLAS PAUL,paulni01,TBL,G,0.5,Dem.
NICHOLAS PAUL,paulni01,TBL,PTS,0.5,Dem.
NICHOLAS PAUL,paulni01,TBL,SOG,1.5,Gob.
ANDREW PEEKE,peekean01,BOS,BLK,1.5,Gob.
ADAM PELECH,pelecad01,NYI,BLK,1.5,Gob.
COLE PERFETTI,perfeco01,WPG,A,0.5,Dem.
COLE PERFETTI,perfeco01,WPG,G,0.5,Dem.
COLE PERFETTI,perfeco01,WPG,PTS,0.5,Dem.
COLE PERFETTI,perfeco01,WPG,SOG,1.5,Gob.
COLE PERFETTI,perfeco01,WPG,SOG,2.5,Dem.
JJ PETERKA,peterjo01,BUF,A,0.5,Dem.
ELIAS PETTERSSON,petteel01,VAN,A,0.5,Dem.
ELIAS PETTERSSON,petteel01,VAN,G,0.5,Dem.
ELIAS PETTERSSON,petteel01,VAN,PTS,0.5,Gob.
ELIAS PETTERSSON,petteel01,VAN,PTS,1.5,Dem.
ELIAS PETTERSSON,petteel01,VAN,SOG,1.5,Gob.
ELIAS PETTERSSON,petteel01,VAN,TOI,18.75,Norm.
MARCUS PETTERSSON,pettema01,PIT,BLK,1.5,Gob.
ALEX PIETRANGELO,pietral01,VEG,A,0.5,Dem.
ALEX PIETRANGELO,pietral01,VEG,BLK,2.5,Dem.
ALEX PIETRANGELO,pietral01,VEG,PTS,0.5,Dem.
ALEX PIETRANGELO,pietral01,VEG,SOG,2.5,Dem.
ALEX PIETRANGELO,pietral01,VEG,SOG,1.5,Gob.
SHANE PINTO,pintosh01,OTT,G,0.5,Dem.
NEAL PIONK,pionkne01,WPG,A,0.5,Dem.
NEAL PIONK,pionkne01,WPG,BLK,1.5,Gob.
NEAL PIONK,pionkne01,WPG,HIT,2.5,Norm.
NEAL PIONK,pionkne01,WPG,PTS,0.5,Dem.
NEAL PIONK,pionkne01,WPG,SOG,1.5,Gob.
BRAYDEN POINT,pointbr01,TBL,A,0.5,Dem.
BRAYDEN POINT,pointbr01,TBL,G,0.5,Dem.
BRAYDEN POINT,pointbr01,TBL,PTS,0.5,Gob.
BRAYDEN POINT,pointbr01,TBL,PTS,1.5,Dem.
BRAYDEN POINT,pointbr01,TBL,SOG,2.5,Norm.
MARTIN POSPISIL,pospima01,CGY,HIT,3.5,Norm.
MARTIN POSPISIL,pospima01,CGY,HIT,3,Norm.
MARTIN POSPISIL,pospima01,CGY,SOG,1.5,Gob.
OWEN POWER,powerow01,BUF,A,0.5,Dem.
IVAN PROVOROV,provoiv01,CBJ,BLK,1.5,Gob.
RYAN PULOCK,pulocry01,NYI,BLK,2.5,Dem.
RYAN PULOCK,pulocry01,NYI,BLK,1.5,Gob.
RYAN PULOCK,pulocry01,NYI,A,0.5,Dem.
RYAN PULOCK,pulocry01,NYI,PTS,0.5,Dem.
JACK QUINN,quinnja01,BUF,A,0.5,Dem.
RICKARD RAKELL,rakelri01,PIT,A,0.5,Dem.
RICKARD RAKELL,rakelri01,PIT,G,0.5,Dem.
RICKARD RAKELL,rakelri01,PIT,PTS,0.5,Dem.
RICKARD RAKELL,rakelri01,PIT,SOG,1.5,Gob.
RICKARD RAKELL,rakelri01,PIT,SOG,2.5,Dem.
RICKARD RAKELL,rakelri01,PIT,SOG,2.5,Norm.
MIKKO RANTANEN,rantami01,COL,A,1.5,Dem.
MIKKO RANTANEN,rantami01,COL,A,0.5,Gob.
MIKKO RANTANEN,rantami01,COL,G,0.5,Dem.
MIKKO RANTANEN,rantami01,COL,PTS,2.5,Dem.
MIKKO RANTANEN,rantami01,COL,PTS,1.5,Norm.
MIKKO RANTANEN,rantami01,COL,SOG,3.5,Dem.
MIKKO RANTANEN,rantami01,COL,SOG,2.5,Gob.
MIKKO RANTANEN,rantami01,COL,SOG,3.5,Norm.
LUCAS RAYMOND,raymolu01,DET,A,0.5,Dem.
LUCAS RAYMOND,raymolu01,DET,G,0.5,Dem.
LUCAS RAYMOND,raymolu01,DET,PTS,0.5,Gob.
LUCAS RAYMOND,raymolu01,DET,SOG,2.5,Dem.
LUCAS RAYMOND,raymolu01,DET,SOG,1.5,Gob.
RYAN REAVES,reavery01,TOR,HIT,3,Norm.
MIKE REILLY,reillmi01,NYI,SOG,1.5,Gob.
MIKE REILLY,reillmi01,NYI,SOG,2.5,Dem.
SAM REINHART,reinhsa01,FLA,A,0.5,Dem.
SAM REINHART,reinhsa01,FLA,G,0.5,Dem.
SAM REINHART,reinhsa01,FLA,PTS,0.5,Gob.
SAM REINHART,reinhsa01,FLA,PTS,1.5,Dem.
SAM REINHART,reinhsa01,FLA,SOG,2.5,Gob.
SAM REINHART,reinhsa01,FLA,SOG,3.5,Dem.
MORGAN RIELLY,riellmo01,TOR,A,0.5,Dem.
MORGAN RIELLY,riellmo01,TOR,BLK,1.5,Norm.
MORGAN RIELLY,riellmo01,TOR,PTS,0.5,Dem.
MORGAN RIELLY,riellmo01,TOR,SOG,1.5,Gob.
MORGAN RIELLY,riellmo01,TOR,SOG,2.5,Dem.
MORGAN RIELLY,riellmo01,TOR,TOI,22.5,Norm.
JASON ROBERTSON,roberja01,DAL,A,0.5,Dem.
JASON ROBERTSON,roberja01,DAL,G,0.5,Dem.
JASON ROBERTSON,roberja01,DAL,PTS,0.5,Gob.
JASON ROBERTSON,roberja01,DAL,PTS,1.5,Dem.
JASON ROBERTSON,roberja01,DAL,SOG,2.5,Gob.
JASON ROBERTSON,roberja01,DAL,SOG,3.5,Dem.
NICHOLAS ROBERTSON,roberni01,TOR,SOG,1.5,Gob.
NICHOLAS ROBERTSON,roberni01,TOR,SOG,2.5,Dem.
EVAN RODRIGUES,rodriev01,FLA,G,0.5,Dem.
ALEXANDER ROMANOV,romanal01,NYI,BLK,2.5,Dem.
MARCO ROSSI,rossima01,MIN,A,0.5,Dem.
MARCO ROSSI,rossima01,MIN,SOG,1.5,Gob.
MARCO ROSSI,rossima01,MIN,SOG,2.5,Dem.
MARCO ROSSI,rossima01,MIN,G,0.5,Dem.
MARCO ROSSI,rossima01,MIN,PTS,0.5,Norm.
NICOLAS ROY,royni01,VEG,A,0.5,Dem.
NICOLAS ROY,royni01,VEG,PTS,0.5,Dem.
BRYAN RUST,rustbr01,PIT,A,0.5,Dem.
BRYAN RUST,rustbr01,PIT,G,0.5,Dem.
BRYAN RUST,rustbr01,PIT,PTS,0.5,Gob.
BRYAN RUST,rustbr01,PIT,PTS,1.5,Dem.
BRYAN RUST,rustbr01,PIT,SOG,2.5,Gob.
BRYAN RUST,rustbr01,PIT,SOG,3.5,Dem.
BRANDON SAAD,saadbr01,STL,A,0.5,Dem.
BRANDON SAAD,saadbr01,STL,G,0.5,Dem.
BRANDON SAAD,saadbr01,STL,PTS,0.5,Dem.
BRANDON SAAD,saadbr01,STL,SOG,1.5,Gob.
BRANDON SAAD,saadbr01,STL,SOG,2.5,Dem.
DYLAN SAMBERG,sambedy01,WPG,BLK,1.5,Gob.
JAKE SANDERSON,sandeja01,OTT,A,0.5,Dem.
JAKE SANDERSON,sandeja01,OTT,BLK,2.5,Dem.
JAKE SANDERSON,sandeja01,OTT,PTS,0.5,Norm.
JAKE SANDERSON,sandeja01,OTT,SOG,1.5,Gob.
JAKE SANDERSON,sandeja01,OTT,SOG,2.5,Dem.
JAKE SANDERSON,sandeja01,OTT,BLK,1.5,Gob.
JAKE SANDERSON,sandeja01,OTT,A,0.5,Norm.
JAKE SANDERSON,sandeja01,OTT,PTS,0.5,Gob.
TRAVIS SANHEIM,sanhetr01,PHI,SOG,2.5,Dem.
TRAVIS SANHEIM,sanhetr01,PHI,TOI,22.25,Norm.
TRAVIS SANHEIM,sanhetr01,PHI,BLK,1.5,Gob.
TRAVIS SANHEIM,sanhetr01,PHI,A,0.5,Dem.
TRAVIS SANHEIM,sanhetr01,PHI,SOG,1.5,Gob.
TRAVIS SANHEIM,sanhetr01,PHI,PTS,0.5,Dem.
DAVID SAVARD,savarda01,MTL,BLK,2.5,Dem.
DAVID SAVARD,savarda01,MTL,BLK,2.5,Gob.
MARK SCHEIFELE,scheima01,WPG,A,0.5,Norm.
MARK SCHEIFELE,scheima01,WPG,G,0.5,Dem.
MARK SCHEIFELE,scheima01,WPG,HIT,0.5,Norm.
MARK SCHEIFELE,scheima01,WPG,PTS,0.5,Gob.
MARK SCHEIFELE,scheima01,WPG,PTS,1.5,Dem.
MARK SCHEIFELE,scheima01,WPG,SOG,1.5,Gob.
MARK SCHEIFELE,scheima01,WPG,SOG,2.5,Dem.
BRAYDEN SCHENN,schenbr01,STL,A,0.5,Dem.
BRAYDEN SCHENN,schenbr01,STL,G,0.5,Dem.
BRAYDEN SCHENN,schenbr01,STL,PTS,0.5,Norm.
BRAYDEN SCHENN,schenbr01,STL,SOG,1.5,Gob.
BRAYDEN SCHENN,schenbr01,STL,TOI,17.75,Norm.
BRAYDEN SCHENN,schenbr01,STL,SOG,2.5,Dem.
LUKE SCHENN,schenlu01,NSH,HIT,3,Norm.
NICK SCHMALTZ,schmani01,ARI,A,0.5,Dem.
NICK SCHMALTZ,schmani01,ARI,G,0.5,Dem.
NICK SCHMALTZ,schmani01,ARI,PTS,0.5,Norm.
NICK SCHMALTZ,schmani01,ARI,PTS,0.5,Gob.
NICK SCHMALTZ,schmani01,ARI,SOG,2.5,Dem.
NICK SCHMALTZ,schmani01,ARI,SOG,1.5,Gob.
JADEN SCHWARTZ,schwaja01,SEA,A,0.5,Dem.
JADEN SCHWARTZ,schwaja01,SEA,HIT,0.5,Norm.
JADEN SCHWARTZ,schwaja01,SEA,PTS,0.5,Dem.
JADEN SCHWARTZ,schwaja01,SEA,SOG,1.5,Gob.
JADEN SCHWARTZ,schwaja01,SEA,SOG,2.5,Dem.
JADEN SCHWARTZ,schwaja01,SEA,G,0.5,Dem.
NICK SEELER,seeleni01,PHI,BLK,2.5,Norm.
TYLER SEGUIN,seguity01,DAL,A,0.5,Dem.
TYLER SEGUIN,seguity01,DAL,G,0.5,Dem.
TYLER SEGUIN,seguity01,DAL,PTS,0.5,Norm.
TYLER SEGUIN,seguity01,DAL,SOG,1.5,Gob.
TYLER SEGUIN,seguity01,DAL,SOG,2.5,Dem.
MORITZ SEIDER,seidemo01,DET,A,0.5,Dem.
MORITZ SEIDER,seidemo01,DET,BLK,2.5,Gob.
MORITZ SEIDER,seidemo01,DET,HIT,3.5,Norm.
MORITZ SEIDER,seidemo01,DET,PTS,0.5,Dem.
MORITZ SEIDER,seidemo01,DET,PTS,0.5,Norm.
MORITZ SEIDER,seidemo01,DET,TOI,23,Norm.
MIKHAIL SERGACHEV,sergami01,ARI,A,0.5,Dem.
MIKHAIL SERGACHEV,sergami01,ARI,BLK,2.5,Dem.
MIKHAIL SERGACHEV,sergami01,ARI,BLK,1.5,Gob.
MIKHAIL SERGACHEV,sergami01,ARI,PTS,0.5,Norm.
MIKHAIL SERGACHEV,sergami01,ARI,SOG,1.5,Gob.
MIKHAIL SERGACHEV,sergami01,ARI,SOG,2.5,Dem.
MIKHAIL SERGACHEV,sergami01,ARI,TOI,25.5,Norm.
MIKHAIL SERGACHEV,sergami01,ARI,TOI,25.25,Norm.
YEGOR SHARANGOVICH,sharaye01,CGY,G,0.5,Dem.
KIEFER SHERWOOD,sherwki01,VAN,HIT,4.5,Norm.
KIEFER SHERWOOD,sherwki01,VAN,HIT,5,Norm.
KIEFER SHERWOOD,sherwki01,VAN,SOG,1.5,Gob.
KIEFER SHERWOOD,sherwki01,VAN,SOG,2.5,Dem.
JONAS SIEGENTHALER,siegejo01,NJD,BLK,1.5,Gob.
COLE SILLINGER,sillico01,CBJ,A,0.5,Dem.
COLE SILLINGER,sillico01,CBJ,G,0.5,Dem.
COLE SILLINGER,sillico01,CBJ,PTS,0.5,Dem.
COLE SILLINGER,sillico01,CBJ,SOG,1.5,Gob.
COLE SILLINGER,sillico01,CBJ,SOG,2.5,Dem.
JEFF SKINNER,skinnje01,EDM,A,0.5,Dem.
JEFF SKINNER,skinnje01,EDM,G,0.5,Dem.
JEFF SKINNER,skinnje01,EDM,PTS,0.5,Dem.
JEFF SKINNER,skinnje01,EDM,SOG,2.5,Gob.
JEFF SKINNER,skinnje01,EDM,SOG,3.5,Dem.
JEFF SKINNER,skinnje01,EDM,SOG,2.5,Norm.
JEFF SKINNER,skinnje01,EDM,SOG,1.5,Gob.
BRADY SKJEI,skjeibr01,NSH,A,0.5,Dem.
BRADY SKJEI,skjeibr01,NSH,PTS,0.5,Dem.
BRADY SKJEI,skjeibr01,NSH,SOG,2.5,Norm.
JURAJ SLAFKOVSKY,slafkju01,MTL,A,0.5,Dem.
JURAJ SLAFKOVSKY,slafkju01,MTL,G,0.5,Dem.
JACCOB SLAVIN,slavija01,CAR,BLK,1.5,Norm.
JACCOB SLAVIN,slavija01,CAR,SOG,1.5,Gob.
JACCOB SLAVIN,slavija01,CAR,SOG,2.5,Dem.
JACCOB SLAVIN,slavija01,CAR,TOI,22.25,Norm.
REILLY SMITH,smithre01,NYR,PTS,0.5,Norm.
REILLY SMITH,smithre01,NYR,A,0.5,Dem.
REILLY SMITH,smithre01,NYR,PTS,0.5,Dem.
CARSON SOUCY,soucyca01,VAN,BLK,1.5,Gob.
JORDAN STAAL,staaljo01,CAR,HIT,1.5,Norm.
STEVEN STAMKOS,stamkst01,NSH,A,0.5,Dem.
STEVEN STAMKOS,stamkst01,NSH,G,0.5,Dem.
STEVEN STAMKOS,stamkst01,NSH,PTS,0.5,Gob.
STEVEN STAMKOS,stamkst01,NSH,PTS,1.5,Dem.
STEVEN STAMKOS,stamkst01,NSH,SOG,2.5,Gob.
STEVEN STAMKOS,stamkst01,NSH,SOG,3.5,Norm.
STEVEN STAMKOS,stamkst01,NSH,SOG,4.5,Dem.
LOGAN STANKOVEN,stanklo01,DAL,A,0.5,Dem.
LOGAN STANKOVEN,stanklo01,DAL,G,0.5,Dem.
LOGAN STANKOVEN,stanklo01,DAL,PTS,0.5,Norm.
LOGAN STANKOVEN,stanklo01,DAL,SOG,1.5,Gob.
LOGAN STANKOVEN,stanklo01,DAL,SOG,2.5,Dem.
CHANDLER STEPHENSON,stephch02,SEA,A,0.5,Dem.
CHANDLER STEPHENSON,stephch02,SEA,PTS,0.5,Dem.
CHANDLER STEPHENSON,stephch02,SEA,G,0.5,Dem.
CHANDLER STEPHENSON,stephch02,SEA,PTS,0.5,Norm.
MARK STONE,stonema01,VEG,A,0.5,Norm.
MARK STONE,stonema01,VEG,G,0.5,Dem.
MARK STONE,stonema01,VEG,PTS,0.5,Gob.
MARK STONE,stonema01,VEG,PTS,1.5,Dem.
MARK STONE,stonema01,VEG,SOG,1.5,Gob.
MARK STONE,stonema01,VEG,SOG,2.5,Dem.
DYLAN STROME,stromdy01,WSH,A,0.5,Dem.
DYLAN STROME,stromdy01,WSH,G,0.5,Dem.
DYLAN STROME,stromdy01,WSH,PTS,0.5,Gob.
DYLAN STROME,stromdy01,WSH,PTS,1.5,Dem.
DYLAN STROME,stromdy01,WSH,SOG,1.5,Gob.
DYLAN STROME,stromdy01,WSH,SOG,2.5,Dem.
RYAN STROME,stromry01,ANA,A,0.5,Dem.
RYAN STROME,stromry01,ANA,PTS,0.5,Dem.
RYAN STROME,stromry01,ANA,SOG,2.5,Dem.
TIM STUTZLE,stuetti02,OTT,A,0.5,Norm.
NICHOLAS SUZUKI,suzukni01,MTL,A,0.5,Norm.
ANDREI SVECHNIKOV,svechan01,CAR,A,0.5,Dem.
ANDREI SVECHNIKOV,svechan01,CAR,G,0.5,Dem.
ANDREI SVECHNIKOV,svechan01,CAR,PTS,0.5,Gob.
ANDREI SVECHNIKOV,svechan01,CAR,PTS,1.5,Dem.
ANDREI SVECHNIKOV,svechan01,CAR,SOG,2.5,Gob.
ANDREI SVECHNIKOV,svechan01,CAR,SOG,3.5,Dem.
CHRIS TANEV,tanevch01,TOR,BLK,2.5,Gob.
JOHN TAVARES,tavarjo01,TOR,A,0.5,Dem.
JOHN TAVARES,tavarjo01,TOR,G,0.5,Dem.
JOHN TAVARES,tavarjo01,TOR,PTS,0.5,Norm.
JOHN TAVARES,tavarjo01,TOR,SOG,2.5,Gob.
JOHN TAVARES,tavarjo01,TOR,SOG,3.5,Dem.
TEUVO TERAVAINEN,teravte01,CHI,A,0.5,Dem.
TEUVO TERAVAINEN,teravte01,CHI,G,0.5,Dem.
TEUVO TERAVAINEN,teravte01,CHI,PTS,0.5,Gob.
TEUVO TERAVAINEN,teravte01,CHI,PTS,0.5,Norm.
TEUVO TERAVAINEN,teravte01,CHI,SOG,1.5,Gob.
TEUVO TERAVAINEN,teravte01,CHI,SOG,2.5,Dem.
TROY TERRY,terrytr01,ANA,A,0.5,Dem.
TROY TERRY,terrytr01,ANA,G,0.5,Dem.
TROY TERRY,terrytr01,ANA,PTS,0.5,Dem.
TROY TERRY,terrytr01,ANA,PTS,0.5,Norm.
TROY TERRY,terrytr01,ANA,SOG,1.5,Gob.
TROY TERRY,terrytr01,ANA,SOG,2.5,Dem.
SHEA THEODORE,theodsh01,VEG,A,0.5,Dem.
SHEA THEODORE,theodsh01,VEG,A,0.5,Norm.
SHEA THEODORE,theodsh01,VEG,BLK,1.5,Gob.
SHEA THEODORE,theodsh01,VEG,PTS,0.5,Norm.
SHEA THEODORE,theodsh01,VEG,SOG,1.5,Gob.
SHEA THEODORE,theodsh01,VEG,SOG,2.5,Dem.
ROBERT THOMAS,thomaro01,STL,TOI,21,Norm.
TAGE THOMPSON,thompta01,BUF,A,0.5,Dem.
OWEN TIPPETT,tippeow01,PHI,A,0.5,Dem.
OWEN TIPPETT,tippeow01,PHI,G,0.5,Dem.
OWEN TIPPETT,tippeow01,PHI,PTS,0.5,Gob.
OWEN TIPPETT,tippeow01,PHI,SOG,3.5,Norm.
OWEN TIPPETT,tippeow01,PHI,SOG,4.5,Dem.
OWEN TIPPETT,tippeow01,PHI,SOG,2.5,Gob.
OWEN TIPPETT,tippeow01,PHI,SOG,3.5,Dem.
OWEN TIPPETT,tippeow01,PHI,PTS,0.5,Norm.
BRADY TKACHUK,tkachbr01,OTT,A,0.5,Dem.
BRADY TKACHUK,tkachbr01,OTT,G,0.5,Dem.
BRADY TKACHUK,tkachbr01,OTT,HIT,3,Norm.
BRADY TKACHUK,tkachbr01,OTT,HIT,3.5,Norm.
BRADY TKACHUK,tkachbr01,OTT,PTS,0.5,Gob.
BRADY TKACHUK,tkachbr01,OTT,PTS,1.5,Dem.
BRADY TKACHUK,tkachbr01,OTT,SOG,3.5,Gob.
BRADY TKACHUK,tkachbr01,OTT,SOG,4.5,Dem.
BRADY TKACHUK,tkachbr01,OTT,TOI,18.75,Norm.
BRADY TKACHUK,tkachbr01,OTT,SOG,5.5,Dem.
MATTHEW TKACHUK,tkachma01,FLA,A,0.5,Dem.
MATTHEW TKACHUK,tkachma01,FLA,G,0.5,Dem.
MATTHEW TKACHUK,tkachma01,FLA,PTS,0.5,Gob.
MATTHEW TKACHUK,tkachma01,FLA,PTS,1.5,Dem.
MATTHEW TKACHUK,tkachma01,FLA,SOG,2.5,Gob.
MATTHEW TKACHUK,tkachma01,FLA,SOG,3.5,Dem.
DEVON TOEWS,toewsde01,COL,A,0.5,Dem.
DEVON TOEWS,toewsde01,COL,PTS,0.5,Dem.
DEVON TOEWS,toewsde01,COL,SOG,2.5,Dem.
DEVON TOEWS,toewsde01,COL,SOG,1.5,Gob.
TYLER TOFFOLI,toffoty01,SJS,A,0.5,Dem.
TYLER TOFFOLI,toffoty01,SJS,G,0.5,Dem.
TYLER TOFFOLI,toffoty01,SJS,PTS,0.5,Norm.
TYLER TOFFOLI,toffoty01,SJS,SOG,3.5,Dem.
TYLER TOFFOLI,toffoty01,SJS,SOG,2.5,Norm.
VINCENT TROCHECK,trochvi01,NYR,A,0.5,Norm.
VINCENT TROCHECK,trochvi01,NYR,A,1.5,Dem.
VINCENT TROCHECK,trochvi01,NYR,G,0.5,Dem.
VINCENT TROCHECK,trochvi01,NYR,PTS,0.5,Gob.
VINCENT TROCHECK,trochvi01,NYR,PTS,1.5,Dem.
VINCENT TROCHECK,trochvi01,NYR,SOG,2.5,Gob.
VINCENT TROCHECK,trochvi01,NYR,SOG,3.5,Dem.
JACOB TROUBA,troubja01,NYR,BLK,2.5,Norm.
JACOB TROUBA,troubja01,NYR,SOG,1.5,Gob.
ALEX TUCH,tuchal01,BUF,A,0.5,Dem.
TREVOR VAN RIEMSDYK,vanritr01,WSH,BLK,1.5,Gob.
FRANK VATRANO,vatrafr01,ANA,A,0.5,Dem.
FRANK VATRANO,vatrafr01,ANA,G,0.5,Dem.
FRANK VATRANO,vatrafr01,ANA,PTS,0.5,Dem.
FRANK VATRANO,vatrafr01,ANA,SOG,2.5,Norm.
FRANK VATRANO,vatrafr01,ANA,SOG,3.5,Dem.
FRANK VATRANO,vatrafr01,ANA,SOG,1.5,Gob.
FRANK VATRANO,vatrafr01,ANA,SOG,2.5,Gob.
CARTER VERHAEGHE,verhaca01,FLA,A,0.5,Dem.
CARTER VERHAEGHE,verhaca01,FLA,G,0.5,Dem.
CARTER VERHAEGHE,verhaca01,FLA,PTS,0.5,Gob.
CARTER VERHAEGHE,verhaca01,FLA,PTS,1.5,Dem.
CARTER VERHAEGHE,verhaca01,FLA,SOG,2.5,Gob.
CARTER VERHAEGHE,verhaca01,FLA,SOG,3.5,Dem.
CARTER VERHAEGHE,verhaca01,FLA,TOI,19,Norm.
GABRIEL VILARDI,vilarga01,WPG,A,0.5,Dem.
GABRIEL VILARDI,vilarga01,WPG,G,0.5,Dem.
GABRIEL VILARDI,vilarga01,WPG,PTS,0.5,Norm.
GABRIEL VILARDI,vilarga01,WPG,PTS,1.5,Dem.
GABRIEL VILARDI,vilarga01,WPG,SOG,1.5,Gob.
GABRIEL VILARDI,vilarga01,WPG,SOG,2.5,Dem.
ALEX VLASIC,vlasial01,CHI,A,0.5,Dem.
ALEX VLASIC,vlasial01,CHI,BLK,2.5,Dem.
ALEX VLASIC,vlasial01,CHI,PTS,0.5,Dem.
OLIVER WAHLSTROM,wahlsol01,NYI,G,0.5,Dem.
JAKE WALMAN,walmaja01,SJS,BLK,2.5,Dem.
JAKE WALMAN,walmaja01,SJS,SOG,1.5,Gob.
JAKE WALMAN,walmaja01,SJS,SOG,2.5,Dem.
JAKE WALMAN,walmaja01,SJS,TOI,22,Norm.
JAKE WALMAN,walmaja01,SJS,TOI,21.5,Norm.
JAKE WALMAN,walmaja01,SJS,TOI,21.75,Norm.
MACKENZIE WEEGAR,weegama01,CGY,A,0.5,Dem.
MACKENZIE WEEGAR,weegama01,CGY,PTS,0.5,Norm.
MACKENZIE WEEGAR,weegama01,CGY,PTS,0.5,Dem.
MACKENZIE WEEGAR,weegama01,CGY,SOG,2.5,Norm.
MACKENZIE WEEGAR,weegama01,CGY,SOG,3.5,Dem.
MACKENZIE WEEGAR,weegama01,CGY,TOI,23,Norm.
MACKENZIE WEEGAR,weegama01,CGY,TOI,23.25,Norm.
ZACH WERENSKI,werenza01,CBJ,A,0.5,Dem.
ZACH WERENSKI,werenza01,CBJ,BLK,1.5,Gob.
ZACH WERENSKI,werenza01,CBJ,PTS,0.5,Norm.
ZACH WERENSKI,werenza01,CBJ,SOG,2.5,Gob.
ZACH WERENSKI,werenza01,CBJ,SOG,3.5,Dem.
ZACH WERENSKI,werenza01,CBJ,TOI,25,Norm.
ZACH WHITECLOUD,whiteza01,VEG,BLK,1.5,Gob.
TOM WILSON,wilsoto01,WSH,A,0.5,Dem.
TOM WILSON,wilsoto01,WSH,G,0.5,Dem.
TOM WILSON,wilsoto01,WSH,HIT,2.5,Norm.
TOM WILSON,wilsoto01,WSH,PTS,0.5,Norm.
TOM WILSON,wilsoto01,WSH,SOG,1.5,Gob.
TOM WILSON,wilsoto01,WSH,SOG,2.5,Dem.
MILES WOOD,woodmi01,COL,SOG,1.5,Gob.
SHANE WRIGHT,wrighsh01,SEA,SOG,1.5,Norm.
ARBER XHEKAJ,xhekaar01,MTL,HIT,2.5,Norm.
PAVEL ZACHA,zachapa01,BOS,A,0.5,Dem.
PAVEL ZACHA,zachapa01,BOS,G,0.5,Dem.
PAVEL ZACHA,zachapa01,BOS,PTS,0.5,Norm.
PAVEL ZACHA,zachapa01,BOS,SOG,1.5,Gob.
PAVEL ZACHA,zachapa01,BOS,SOG,2.5,Dem.
NIKITA ZADOROV,zadorni01,BOS,HIT,2.5,Norm.
CONNOR ZARY,zaryco01,CGY,A,0.5,Dem.
CONNOR ZARY,zaryco01,CGY,G,0.5,Dem.
CONNOR ZARY,zaryco01,CGY,PTS,0.5,Norm.
CONNOR ZARY,zaryco01,CGY,PTS,0.5,Dem.
CONNOR ZARY,zaryco01,CGY,SOG,1.5,Gob.
CONNOR ZARY,zaryco01,CGY,SOG,2.5,Dem.
TREVOR ZEGRAS,zegratr01,ANA,A,0.5,Dem.
TREVOR ZEGRAS,zegratr01,ANA,G,0.5,Dem.
TREVOR ZEGRAS,zegratr01,ANA,PTS,0.5,Dem.
TREVOR ZEGRAS,zegratr01,ANA,SOG,1.5,Gob.
TREVOR ZEGRAS,zegratr01,ANA,SOG,2.5,Dem.
FABIAN ZETTERLUND,zettefa01,SJS,A,0.5,Dem.
FABIAN ZETTERLUND,zettefa01,SJS,G,0.5,Dem.
FABIAN ZETTERLUND,zettefa01,SJS,PTS,0.5,Dem.
FABIAN ZETTERLUND,zettefa01,SJS,SOG,1.5,Gob.
FABIAN ZETTERLUND,zettefa01,SJS,SOG,2.5,Dem.
FABIAN ZETTERLUND,zettefa01,SJS,SOG,2.5,Norm.
MIKA ZIBANEJAD,zibanmi01,NYR,A,0.5,Norm.
MIKA ZIBANEJAD,zibanmi01,NYR,G,0.5,Dem.
MIKA ZIBANEJAD,zibanmi01,NYR,PTS,0.5,Gob.
MIKA ZIBANEJAD,zibanmi01,NYR,PTS,1.5,Dem.
MIKA ZIBANEJAD,zibanmi01,NYR,SOG,2.5,Gob.
MIKA ZIBANEJAD,zibanmi01,NYR,SOG,3.5,Dem.
MIKA ZIBANEJAD,zibanmi01,NYR,A,0.5,Dem.
MIKA ZIBANEJAD,zibanmi01,NYR,SOG,1.5,Gob.
MATS ZUCCARELLO,zuccama01,MIN,A,0.5,Gob.
MATS ZUCCARELLO,zuccama01,MIN,A,1.5,Dem.
MATS ZUCCARELLO,zuccama01,MIN,SOG,2.5,Norm.
MATS ZUCCARELLO,zuccama01,MIN,G,0.5,Dem.
MATS ZUCCARELLO,zuccama01,MIN,PTS,0.5,Gob.
MATS ZUCCARELLO,zuccama01,MIN,PTS,1.5,Dem.
