PlayerID,Player,Team,TeamID,Position
acciano01,Noel Acciari,Pittsburgh Penguins,PIT,F
addisca01,Calen Addison,San Jose Sharks,SJS,D
afanaeg01,Egor Afanasyev,Nashville Predators,NSH,F
ahose01,Sebastian Aho,Carolina Hurricanes,CAR,F
ahose02,Sebastian Aho,New York Islanders,NYI,D
alexani01,Nikita Alexandrov,St. Louis Blues,STL,F
alexeal01,Alexander Alexeyev,Washington Capitals,WSH,D
allanno01,Nolan Allan,Chicago Blackhawks,CHI,D
allenja01,Jake Allen,New Jersey Devils,NJD,G
amadimi01,Michael Amadio,Ottawa Senators,OTT,F
amanni01,Nils Aman,Vancouver Canucks,VAN,F
anderfr01,Frederik Andersen,Carolina Hurricanes,CAR,G
anderja01,Jaret Anderson-Dolan,Winnipeg Jets,WPG,F
anderjo05,Josh Anderson,Montreal Canadiens,MTL,F
anderjo08,Joey Anderson,Chicago Blackhawks,CHI,F
andermi02,Mikey Anderson,Los Angeles Kings,LAK,D
anderra01,Rasmus Andersson,Calgary Flames,CGY,D
andraem01,Emil Andrae,Philadelphia Flyers,PHI,D
anglety01,Tyler Angle,Columbus Blue Jackets,CBJ,F
annunju01,Justus Annunen,Colorado Avalanche,COL,G
applema01,Mason Appleton,Winnipeg Jets,WPG,F
armiajo01,Joel Armia,Montreal Canadiens,MTL,F
arvidvi01,Viktor Arvidsson,Edmonton Oilers,EDM,F
astonza01,Zach Aston-Reese,Columbus Blue Jackets,CBJ,F
athanan01,Andreas Athanasiou,Chicago Blackhawks,CHI,F
atkinca01,Cam Atkinson,Tampa Bay Lightning,TBL,F
attarro01,Ronnie Attard,Philadelphia Flyers,PHI,D
aubekni01,Nicolas Aube-Kubel,Buffalo Sabres,BUF,F
audymjo01,Jonathan Marchessault,Nashville Predators,NSH,F
backlmi01,Mikael Backlund,Calgary Flames,CGY,F
backos01,Oskar Back,Dallas Stars,DAL,F
backsni02,Nicklas Backstrom,Washington Capitals,WSH,F
bahlke01,Kevin Bahl,Calgary Flames,CGY,D
baileju01,Justin Bailey,San Jose Sharks,SJS,F
bainsar01,Arshdeep Bains,Vancouver Canucks,VAN,F
balinuv01,Uvis Balinskis,Florida Panthers,FLA,D
barabal01,Alexander Barabanov,San Jose Sharks,SJS,F
barbaiv01,Ivan Barbashev,Vegas Golden Knights,VEG,F
barkoal01,Aleksander Barkov,Florida Panthers,FLA,F
barreal01,Alex Barre-Boulet,Montreal Canadiens,MTL,F
barrity01,Tyson Barrie,Calgary Flames,CGY,D
barroju01,Justin Barron,Montreal Canadiens,MTL,D
barromo01,Morgan Barron,Winnipeg Jets,WPG,F
barzama01,Mathew Barzal,New York Islanders,NYI,F
bastina01,Nathan Bastian,New Jersey Devils,NJD,F
bathedr01,Drake Batherson,Ottawa Senators,OTT,F
beanja01,Jake Bean,Calgary Flames,CGY,D
bearet01,Ethan Bear,Washington Capitals,WSH,D
beauvan01,Anthony Beauvillier,Pittsburgh Penguins,PIT,F
beckmad01,Adam Beckman,Minnesota Wild,MIN,F
bedarco01,Connor Bedard,Chicago Blackhawks,CHI,F
beechjo01,John Beecher,Boston Bruins,BOS,F
belpelo01,Louis Belpedio,Philadelphia Flyers,PHI,D
beniema01,Matty Beniers,Seattle Kraken,SEA,F
bennesa01,Sam Bennett,Florida Panthers,FLA,F
bennima01,Matt Benning,San Jose Sharks,SJS,D
bennja01,Jamie Benn,Dallas Stars,DAL,F
benoisi01,Simon Benoit,Toronto Maple Leafs,TOR,D
bensoza01,Zach Benson,Buffalo Sabres,BUF,F
berggjo02,Jonatan Berggren,Detroit Red Wings,DET,F
bernaja01,Jacob Bernard-Docker,Ottawa Senators,OTT,D
bertuty01,Tyler Bertuzzi,Chicago Blackhawks,CHI,F
binnijo01,Jordan Binnington,St. Louis Blues,STL,G
birobr01,Brandon Biro,Buffalo Sabres,BUF,F
bjorkol01,Oliver Bjorkstrand,Seattle Kraken,SEA,F
bjugsni01,Nick Bjugstad,Arizona Coyotes,ARI,F
blackco01,Colin Blackwell,Dallas Stars,DAL,F
blackma01,Mackenzie Blackwood,San Jose Sharks,SJS,G
blakeja02,Jackson Blake,Carolina Hurricanes,CAR,F
blankni01,Nick Blankenburg,Columbus Blue Jackets,CBJ,D
blomqjo01,Joel Blomqvist,Pittsburgh Penguins,PIT,G
bluegte01,Teddy Blueger,Vancouver Canucks,VAN,F
blumema01,Matej Blumel,Dallas Stars,DAL,F
bobrose01,Sergei Bobrovsky,Florida Panthers,FLA,G
boesebr01,Brock Boeser,Vancouver Canucks,VAN,F
bogosza01,Zach Bogosian,Minnesota Wild,MIN,D
boldusa01,Samuel Bolduc,New York Islanders,NYI,D
bolduza01,Zachary Bolduc,St. Louis Blues,STL,F
boldyma01,Matt Boldy,Minnesota Wild,MIN,F
boqviad01,Adam Boqvist,Florida Panthers,FLA,D
boqvije01,Jesper Boqvist,Florida Panthers,FLA,F
bordeth01,Thomas Bordeleau,San Jose Sharks,SJS,F
borgewi01,Will Borgen,Seattle Kraken,SEA,D
borturo01,Robert Bortuzzo,Arizona Coyotes,ARI,D
bouchev01,Evan Bouchard,Edmonton Oilers,EDM,D
bourqma01,Mavrik Bourque,Dallas Stars,DAL,F
boydtr01,Travis Boyd,Arizona Coyotes,ARI,F
branner01,Erik Brannstrom,Vancouver Canucks,VAN,D
brattje01,Jesper Bratt,New Jersey Devils,NJD,F
brazeju01,Justin Brazeau,Boston Bruins,BOS,F
brindga01,Gavin Brindley,Columbus Blue Jackets,CBJ,F
brinkbo01,Bobby Brink,Philadelphia Flyers,PHI,F
brissbr01,Brendan Brisson,Vegas Golden Knights,VEG,F
brobeph01,Philip Broberg,St. Louis Blues,STL,D
brodijo01,Jonas Brodin,Minnesota Wild,MIN,D
broditj01,Tj Brodie,Chicago Blackhawks,CHI,D
brodzjo01,Jonny Brodzinski,New York Rangers,NYR,F
brownco02,Connor Brown,Edmonton Oilers,EDM,F
brownjo01,Josh Brown,Arizona Coyotes,ARI,D
brysoja01,Jacob Bryson,Buffalo Sabres,BUF,D
buchnpa01,Pavel Buchnevich,St. Louis Blues,STL,F
buntimi01,Michael Bunting,Pittsburgh Penguins,PIT,F
burakan01,Andre Burakovsky,Seattle Kraken,SEA,F
burnsbr01,Brent Burns,Carolina Hurricanes,CAR,D
burroky01,Kyle Burroughs,Los Angeles Kings,LAK,D
butleca01,Cameron Butler,Columbus Blue Jackets,CBJ,F
byfiequ01,Quinton Byfield,Los Angeles Kings,LAK,F
byrambo01,Bowen Byram,Buffalo Sabres,BUF,D
caggidr01,Drake Caggiula,Edmonton Oilers,EDM,F
carcomi01,Michael Carcone,Arizona Coyotes,ARI,F
cardwet01,Ethan Cardwell,San Jose Sharks,SJS,F
carlide01,Declan Carlile,Tampa Bay Lightning,TBL,D
carlobr01,Brandon Carlo,Boston Bruins,BOS,D
carlsjo01,John Carlson,Washington Capitals,WSH,D
carlsle01,Leo Carlsson,Anaheim Ducks,ANA,F
carrial01,Alexandre Carrier,Nashville Predators,NSH,D
carrisa01,Sam Carrick,New York Rangers,NYR,F
carriwi01,William Carrier,Carolina Hurricanes,CAR,F
carteje01,Jeff Carter,Pittsburgh Penguins,PIT,F
caseyse01,Seamus Casey,New Jersey Devils,NJD,D
catesno01,Noah Cates,Philadelphia Flyers,PHI,F
caufico01,Cole Caufield,Montreal Canadiens,MTL,F
cecico01,Cody Ceci,San Jose Sharks,SJS,D
celebma01,Macklin Celebrini,San Jose Sharks,SJS,F
cernaer01,Erik Cernak,Tampa Bay Lightning,TBL,D
chaboth01,Thomas Chabot,Ottawa Senators,OTT,D
chaffmi01,Mitchell Chaffee,Tampa Bay Lightning,TBL,F
chartro01,Rourke Chartier,Ottawa Senators,OTT,F
chatfja01,Jalen Chatfield,Carolina Hurricanes,CAR,D
chiarbe01,Ben Chiarot,Detroit Red Wings,DET,D
chibrni01,Nikita Chibrikov,Winnipeg Jets,WPG,F
chinaye01,Yegor Chinakhov,Columbus Blue Jackets,CBJ,F
chishde01,Declan Chisholm,Minnesota Wild,MIN,D
cholode01,Dennis Cholowski,New York Islanders,NYI,D
chrisja01,Jake Christiansen,Columbus Blue Jackets,CBJ,D
chychja01,Jakob Chychrun,Washington Capitals,WSH,D
chytifi01,Filip Chytil,New York Rangers,NYR,F
cirelan01,Anthony Cirelli,Tampa Bay Lightning,TBL,F
cizikca01,Casey Cizikas,New York Islanders,NYI,F
claguka01,Kale Clague,Buffalo Sabres,BUF,D
clarkbr02,Brandt Clarke,Los Angeles Kings,LAK,D
clarkgr01,Graeme Clarke,New Jersey Devils,NJD,F
cliftco01,Connor Clifton,Buffalo Sabres,BUF,D
cluttca01,Cal Clutterbuck,New York Islanders,NYI,F
coghldy01,Dylan Coghlan,Carolina Hurricanes,CAR,D
coglian01,Andrew Cogliano,Colorado Avalanche,COL,F
colansa01,Sam Colangelo,Anaheim Ducks,ANA,F
coleia01,Ian Cole,Arizona Coyotes,ARI,D
colembl01,Blake Coleman,Calgary Flames,CGY,F
coltoro01,Ross Colton,Colorado Avalanche,COL,F
comphj.01,J.T. Compher,Detroit Red Wings,DET,F
comrier01,Eric Comrie,Winnipeg Jets,WPG,G
condolu01,Lucas Condotta,Montreal Canadiens,MTL,F
connoky01,Kyle Connor,Winnipeg Jets,WPG,F
coolelo01,Logan Cooley,Arizona Coyotes,ARI,F
copleph01,Pheonix Copley,Los Angeles Kings,LAK,G
coppan01,Andrew Copp,Detroit Red Wings,DET,F
cormilu01,Lukas Cormier,Vegas Golden Knights,VEG,D
coronma01,Matt Coronato,Calgary Flames,CGY,F
cottepa01,Paul Cotter,New Jersey Devils,NJD,F
cousini01,Nick Cousins,Ottawa Senators,OTT,F
coutulo01,Logan Couture,San Jose Sharks,SJS,F
coutuse01,Sean Couturier,Philadelphia Flyers,PHI,F
coylech01,Charlie Coyle,Boston Bruins,BOS,F
cozendy01,Dylan Cozens,Buffalo Sabres,BUF,F
crevilo01,Louis Crevier,Chicago Blackhawks,CHI,D
crookan01,Angus Crookshank,Ottawa Senators,OTT,F
crosbsi01,Sidney Crosby,Pittsburgh Penguins,PIT,F
crottca01,Cameron Crotty,Arizona Coyotes,ARI,D
crousla01,Lawson Crouse,Arizona Coyotes,ARI,F
crozima01,Maxwell Crozier,Tampa Bay Lightning,TBL,D
cuyllwi01,Will Cuylle,New York Rangers,NYR,F
czarnau01,Austin Czarnik,Detroit Red Wings,DET,F
daccojo01,Joey Daccord,Seattle Kraken,SEA,G
dachki01,Kirby Dach,Montreal Canadiens,MTL,F
dadonev01,Evgenii Dadonov,Dallas Stars,DAL,F
dahlira01,Rasmus Dahlin,Buffalo Sabres,BUF,D
danauph01,Phillip Danault,Los Angeles Kings,LAK,F
danfoju01,Justin Danforth,Columbus Blue Jackets,CBJ,F
deanza01,Zach Dean,St. Louis Blues,STL,F
debrial01,Alex Debrincat,Detroit Red Wings,DET,F
debruja01,Jake Debrusk,Vancouver Canucks,VAN,F
dehaaca01,Calvin De Haan,Colorado Avalanche,COL,D
delbelu01,Luca Del Bel Belluz,Columbus Blue Jackets,CBJ,F
delgama01,Marc Del Gaizo,Nashville Predators,NSH,D
dellaty01,Ty Dellandrea,San Jose Sharks,SJS,F
delmaet01,Ethan Del Mastro,Chicago Blackhawks,CHI,D
demeldy01,Dylan Demelo,Winnipeg Jets,WPG,D
dermotr01,Travis Dermott,Edmonton Oilers,EDM,D
deshavi01,Vincent Desharnais,Vancouver Canucks,VAN,D
deslani01,Nicolas Deslauriers,Philadelphia Flyers,PHI,F
desmica01,Casey Desmith,Dallas Stars,DAL,G
dickija01,Jason Dickinson,Chicago Blackhawks,CHI,F
digiuph01,Phillip Di Giuseppe,Vancouver Canucks,VAN,F
dillobr01,Brenden Dillon,New Jersey Devils,NJD,D
doanjo01,Josh Doan,Arizona Coyotes,ARI,F
dobsono01,Noah Dobson,New York Islanders,NYI,D
domima01,Max Domi,Toronto Maple Leafs,TOR,F
donatry01,Ryan Donato,Chicago Blackhawks,CHI,F
dorofpa01,Pavel Dorofeyev,Vegas Golden Knights,VEG,F
dostalu01,Lukas Dostal,Anaheim Ducks,ANA,G
doughdr01,Drew Doughty,Los Angeles Kings,LAK,D
dowdni01,Nic Dowd,Washington Capitals,WSH,F
dowliju01,Justin Dowling,New Jersey Devils,NJD,F
draisle01,Leon Draisaitl,Edmonton Oilers,EDM,F
drouijo01,Jonathan Drouin,Colorado Avalanche,COL,F
druryja01,Jack Drury,Carolina Hurricanes,CAR,F
drysdja01,Jamie Drysdale,Philadelphia Flyers,PHI,D
dubedi01,Dillon Dube,Calgary Flames,CGY,F
dubepi01,Pierrick Dube,Washington Capitals,WSH,F
duboipi01,Pierre-Luc Dubois,Washington Capitals,WSH,F
duchema01,Matt Duchene,Dallas Stars,DAL,F
duclaan01,Anthony Duclair,New York Islanders,NYI,F
duehrwa01,Walker Duehr,Calgary Flames,CGY,F
duhaibr01,Brandon Duhaime,Washington Capitals,WSH,F
dumbama01,Matt Dumba,Dallas Stars,DAL,D
dumoubr01,Brian Dumoulin,Anaheim Ducks,ANA,D
dunnvi02,Vince Dunn,Seattle Kraken,SEA,D
durzise01,Sean Durzi,Arizona Coyotes,ARI,D
dvorach01,Christian Dvorak,Montreal Canadiens,MTL,F
eberljo01,Jordan Eberle,Seattle Kraken,SEA,F
edmunjo01,Joel Edmundson,Los Angeles Kings,LAK,D
edstrad01,Adam Edstrom,New York Rangers,NYR,F
edvinsi01,Simon Edvinsson,Detroit Red Wings,DET,D
ehlerni01,Nikolaj Ehlers,Winnipeg Jets,WPG,F
eicheja01,Jack Eichel,Vegas Golden Knights,VEG,F
ekblaaa01,Aaron Ekblad,Florida Panthers,FLA,D
ekholma01,Mattias Ekholm,Edmonton Oilers,EDM,D
eklunwi01,William Eklund,San Jose Sharks,SJS,F
ekmanol01,Oliver Ekman-Larsson,Toronto Maple Leafs,TOR,D
ellerla01,Lars Eller,Pittsburgh Penguins,PIT,F
emberty01,Ty Emberson,Edmonton Oilers,EDM,D
engluan01,Andreas Englund,Los Angeles Kings,LAK,D
engvapi01,Pierre Engvall,New York Islanders,NYI,F
entwima01,Mackenzie Entwistle,Chicago Blackhawks,CHI,F
eriksjo02,Joel Eriksson Ek,Minnesota Wild,MIN,F
erssosa01,Samuel Ersson,Philadelphia Flyers,PHI,G
evanglu01,Luke Evangelista,Nashville Predators,NSH,F
evansja02,Jake Evans,Montreal Canadiens,MTL,F
evansry01,Ryker Evans,Seattle Kraken,SEA,D
eyssimi01,Michael Eyssimont,Tampa Bay Lightning,TBL,F
fabbrda01,Dante Fabbro,Nashville Predators,NSH,D
fabbrro01,Robby Fabbri,Anaheim Ducks,ANA,F
faberbr01,Brock Faber,Minnesota Wild,MIN,D
faksara01,Radek Faksa,St. Louis Blues,STL,F
fantiad01,Adam Fantilli,Columbus Blue Jackets,CBJ,F
farabjo01,Joel Farabee,Philadelphia Flyers,PHI,F
faschhu01,Hudson Fasching,New York Islanders,NYI,F
fastje01,Jesper Fast,Carolina Hurricanes,CAR,F
faulkju01,Justin Faulk,St. Louis Blues,STL,D
fedotiv01,Ivan Fedotov,Philadelphia Flyers,PHI,G
feherma01,Martin Fehervary,Washington Capitals,WSH,D
ferrama01,Mario Ferraro,San Jose Sharks,SJS,D
fialake01,Kevin Fiala,Los Angeles Kings,LAK,F
fischch01,Christian Fischer,Detroit Red Wings,DET,F
fixwotr01,Trey Fix-Wolansky,Columbus Blue Jackets,CBJ,F
fleurca01,Cale Fleury,Seattle Kraken,SEA,D
fleurha01,Haydn Fleury,Winnipeg Jets,WPG,D
fleurma01,Marc-Andre Fleury,Minnesota Wild,MIN,G
foegewa01,Warren Foegele,Los Angeles Kings,LAK,F
foersty01,Tyson Foerster,Philadelphia Flyers,PHI,F
foligma01,Marcus Foligno,Minnesota Wild,MIN,F
foligni01,Nick Foligno,Chicago Blackhawks,CHI,F
footeno01,Nolan Foote,New Jersey Devils,NJD,F
forbode01,Derek Forbort,Vancouver Canucks,VAN,D
forsban01,Anton Forsberg,Ottawa Senators,OTT,G
forsbfi01,Filip Forsberg,Nashville Predators,NSH,F
forslgu02,Gustav Forsling,Florida Panthers,FLA,D
foudyje01,Jean-Luc Foudy,Colorado Avalanche,COL,F
foudyli01,Liam Foudy,New York Islanders,NYI,F
fowleca01,Cam Fowler,Anaheim Ducks,ANA,D
foxad01,Adam Fox,New York Rangers,NYR,D
fredetr01,Trent Frederic,Boston Bruins,BOS,F
froesby01,Byron Froese,Vegas Golden Knights,VEG,F
frostmo01,Morgan Frost,Philadelphia Flyers,PHI,F
gadjojo01,Jonah Gadjovich,Florida Panthers,FLA,F
gallabr01,Brendan Gallagher,Montreal Canadiens,MTL,F
gardnrh01,Rhett Gardner,Philadelphia Flyers,PHI,F
garlaco01,Conor Garland,Vancouver Canucks,VAN,F
gaudead01,Adam Gaudette,Ottawa Senators,OTT,F
gaudrfr01,Frederick Gaudreau,Minnesota Wild,MIN,F
gaudrjo01,Johnny Gaudreau,Columbus Blue Jackets,CBJ,F
gauncbr01,Brendan Gaunce,Columbus Blue Jackets,CBJ,F
gauthcu01,Cutter Gauthier,Anaheim Ducks,ANA,F
gauthju01,Julien Gauthier,New York Islanders,NYI,F
gavrivl01,Vladislav Gavrikov,Los Angeles Kings,LAK,D
gawdigl01,Glenn Gawdin,Anaheim Ducks,ANA,F
geekico01,Conor Geekie,Tampa Bay Lightning,TBL,F
geekimo01,Morgan Geekie,Boston Bruins,BOS,F
georgal01,Alexandar Georgiev,Colorado Avalanche,COL,G
georgis01,Isaiah George,New York Islanders,NYI,D
gignabr01,Brandon Gignac,Montreal Canadiens,MTL,F
gilbede01,Dennis Gilbert,Buffalo Sabres,BUF,D
gilespa01,Patrick Giles,Florida Panthers,FLA,F
ginniad01,Adam Ginning,Philadelphia Flyers,PHI,D
giordma01,Mark Giordano,Toronto Maple Leafs,TOR,D
girarsa01,Samuel Girard,Colorado Avalanche,COL,D
girgeze01,Zemgus Girgensons,Tampa Bay Lightning,TBL,F
giroucl01,Claude Giroux,Ottawa Senators,OTT,F
glassco01,Cody Glass,Pittsburgh Penguins,PIT,F
glendlu01,Luke Glendening,Tampa Bay Lightning,TBL,F
goligal01,Alex Goligoski,Minnesota Wild,MIN,D
goncaga01,Gage Goncalves,Tampa Bay Lightning,TBL,F
goodrba01,Barclay Goodrow,San Jose Sharks,SJS,F
gostish01,Shayne Gostisbehere,Carolina Hurricanes,CAR,D
gourdya01,Yanni Gourde,Seattle Kraken,SEA,F
grafco01,Collin Graf,San Jose Sharks,SJS,F
granlmi01,Mikael Granlund,San Jose Sharks,SJS,F
gravery01,Ryan Graves,Pittsburgh Penguins,PIT,D
greenjo02,Jordan Greenway,Buffalo Sabres,BUF,F
greeraj01,A.J. Greer,Florida Panthers,FLA,F
gregono01,Noah Gregor,Ottawa Senators,OTT,F
greigri01,Ridly Greig,Ottawa Senators,OTT,F
grubaph01,Philipp Grubauer,Seattle Kraken,SEA,G
grudejo02,Jonathan Gruden,Pittsburgh Penguins,PIT,F
grundca01,Carl Grundstrom,San Jose Sharks,SJS,F
grzelma01,Matt Grzelcyk,Pittsburgh Penguins,PIT,D
gudasra01,Radko Gudas,Anaheim Ducks,ANA,D
gudbrer01,Erik Gudbranson,Columbus Blue Jackets,CBJ,D
guenema01,Maxence Guenette,Ottawa Senators,OTT,D
guentdy01,Dylan Guenther,Arizona Coyotes,ARI,F
guentja01,Jake Guentzel,Tampa Bay Lightning,TBL,F
guhleka01,Kaiden Guhle,Montreal Canadiens,MTL,D
gushcda01,Daniil Gushchin,San Jose Sharks,SJS,F
gustada01,David Gustafsson,Winnipeg Jets,WPG,F
gustaer02,Erik Gustafsson,Detroit Red Wings,DET,D
gustafi01,Filip Gustavsson,Minnesota Wild,MIN,G
guttmco01,Cole Guttman,Chicago Blackhawks,CHI,F
hagelbr01,Brandon Hagel,Tampa Bay Lightning,TBL,F
hagueni01,Nicolas Hague,Vegas Golden Knights,VEG,D
hakanja01,Jani Hakanpaa,Dallas Stars,DAL,D
hallta02,Taylor Hall,Chicago Blackhawks,CHI,F
halonbr01,Brian Halonen,New Jersey Devils,NJD,F
hamanha01,Hardy Haman Aktell,Washington Capitals,WSH,D
hamblja01,James Hamblin,Edmonton Oilers,EDM,F
hamildo01,Dougie Hamilton,New Jersey Devils,NJD,D
hamontr01,Travis Hamonic,Ottawa Senators,OTT,D
hanifno01,Noah Hanifin,Vegas Golden Knights,VEG,D
hanlejo01,Joel Hanley,Calgary Flames,CGY,D
harkija01,Jansen Harkins,Anaheim Ducks,ANA,F
harleth01,Thomas Harley,Dallas Stars,DAL,D
harrijo01,Jordan Harris,Columbus Blue Jackets,CBJ,D
hartmry01,Ryan Hartman,Minnesota Wild,MIN,F
harvera01,Rafael Harvey-Pinard,Montreal Canadiens,MTL,F
hataksa01,Santeri Hatakka,New Jersey Devils,NJD,D
hathaga01,Garnet Hathaway,Philadelphia Flyers,PHI,F
haulaer01,Erik Haula,New Jersey Devils,NJD,F
haydejo01,John Hayden,Seattle Kraken,SEA,F
hayeske01,Kevin Hayes,Pittsburgh Penguins,PIT,F
haytoba01,Barrett Hayton,Arizona Coyotes,ARI,F
hedmavi01,Victor Hedman,Tampa Bay Lightning,TBL,D
heineda01,Danton Heinen,Vancouver Canucks,VAN,F
heineem01,Emil Heineman,Montreal Canadiens,MTL,F
heiskmi01,Miro Heiskanen,Dallas Stars,DAL,D
helleco01,Connor Hellebuyck,Winnipeg Jets,WPG,G
henriad01,Adam Henrique,Edmonton Oilers,EDM,F
hertlto01,Tomas Hertl,Vegas Golden Knights,VEG,F
hildede01,Dennis Hildeby,Toronto Maple Leafs,TOR,G
hillad01,Adin Hill,Vegas Golden Knights,VEG,G
hintzro01,Roope Hintz,Dallas Stars,DAL,F
hirosak01,Akito Hirose,Vancouver Canucks,VAN,D
hischni01,Nico Hischier,New Jersey Devils,NJD,F
hoferjo01,Joel Hofer,St. Louis Blues,STL,G
hoglani01,Nils Hoglander,Vancouver Canucks,VAN,F
hollju01,Justin Holl,Detroit Red Wings,DET,D
hollody01,Dylan Holloway,St. Louis Blues,STL,F
holmbpo01,Pontus Holmberg,Toronto Maple Leafs,TOR,F
holmssi01,Simon Holmstrom,New York Islanders,NYI,F
holtzal01,Alexander Holtz,Vegas Golden Knights,VEG,F
honzesa01,Samuel Honzek,Calgary Flames,CGY,F
horvabo01,Bo Horvat,New York Islanders,NYI,F
howdebr01,Brett Howden,Vegas Golden Knights,VEG,F
hronefi01,Filip Hronek,Vancouver Canucks,VAN,D
huberjo01,Jonathan Huberdeau,Calgary Flames,CGY,F
hugheja03,Jack Hughes,New Jersey Devils,NJD,F
hughelu01,Luke Hughes,New Jersey Devils,NJD,D
hughequ01,Quinn Hughes,Vancouver Canucks,VAN,D
huntda01,Daemon Hunt,Minnesota Wild,MIN,D
hussovi01,Ville Husso,Detroit Red Wings,DET,G
hutsola01,Lane Hutson,Montreal Canadiens,MTL,D
huttobe01,Ben Hutton,Vegas Golden Knights,VEG,D
huttogr01,Grant Hutton,New York Islanders,NYI,D
hymanza01,Zach Hyman,Edmonton Oilers,EDM,F
iafalal01,Alex Iafallo,Winnipeg Jets,WPG,F
ingraco01,Connor Ingram,Arizona Coyotes,ARI,G
ioriovi01,Vincent Iorio,Washington Capitals,WSH,D
iskharu01,Ruslan Iskhakov,New York Islanders,NYI,F
ivaniv01,Ivan Ivan,Colorado Avalanche,COL,F
jankoma01,Mark Jankowski,Nashville Predators,NSH,F
janmama02,Mattias Janmark,Edmonton Oilers,EDM,F
jarnkca01,Calle Jarnkrok,Toronto Maple Leafs,TOR,F
jarrytr01,Tristan Jarry,Pittsburgh Penguins,PIT,G
jarvero01,Roby Jarventie,Ottawa Senators,OTT,F
jarvise01,Seth Jarvis,Carolina Hurricanes,CAR,F
jeannta01,Tanner Jeannot,Los Angeles Kings,LAK,F
jenikja01,Jan Jenik,Arizona Coyotes,ARI,F
jennebo01,Boone Jenner,Columbus Blue Jackets,CBJ,F
jenseni02,Nick Jensen,Ottawa Senators,OTT,D
jiricda01,David Jiricek,Columbus Blue Jackets,CBJ,D
johanal01,Albert Johansson,Detroit Red Wings,DET,D
johanjo03,Jonas Johansson,Tampa Bay Lightning,TBL,G
johanlu01,Lucas Johansen,Washington Capitals,WSH,D
johanma03,Marcus Johansson,Minnesota Wild,MIN,F
johnser01,Erik Johnson,Philadelphia Flyers,PHI,D
johnsja02,Jack Johnson,Columbus Blue Jackets,CBJ,D
johnske01,Kent Johnson,Columbus Blue Jackets,CBJ,F
johnsma04,Marc Johnstone,Pittsburgh Penguins,PIT,F
johnsre01,Reese Johnson,Chicago Blackhawks,CHI,F
johnsro02,Ross Johnston,Anaheim Ducks,ANA,F
johnsry03,Ryan Johnson,Buffalo Sabres,BUF,D
johnsty01,Tyler Johnson,Boston Bruins,BOS,F
johnswy01,Wyatt Johnston,Dallas Stars,DAL,F
jokihhe01,Henri Jokiharju,Buffalo Sabres,BUF,D
jonesca01,Caleb Jones,Los Angeles Kings,LAK,D
jonesma03,Max Jones,Boston Bruins,BOS,F
jonesse01,Seth Jones,Chicago Blackhawks,CHI,D
jonesza01,Zac Jones,New York Rangers,NYR,D
jonssax01,Axel Jonsson-Fjallby,Winnipeg Jets,WPG,F
josepma01,Mathieu Joseph,St. Louis Blues,STL,F
joseppi01,Pierre-Olivier Joseph,St. Louis Blues,STL,D
joshuda01,Dakota Joshua,Vancouver Canucks,VAN,F
josiro01,Roman Josi,Nashville Predators,NSH,D
juulsno01,Noah Juulsen,Vancouver Canucks,VAN,D
kadrina01,Nazem Kadri,Calgary Flames,CGY,F
kahkoka01,Kaapo Kähkönen,Colorado Avalanche,COL,G
kaisewy01,Wyatt Kaiser,Chicago Blackhawks,CHI,D
kakkoka01,Kaapo Kakko,New York Rangers,NYR,F
kaliyar01,Arthur Kaliyev,Los Angeles Kings,LAK,F
kampfda01,David Kampf,Toronto Maple Leafs,TOR,F
kaneev01,Evander Kane,Edmonton Oilers,EDM,F
kanepa01,Patrick Kane,Detroit Red Wings,DET,F
kapanka01,Kasperi Kapanen,St. Louis Blues,STL,F
kapanol01,Oliver Kapanen,Montreal Canadiens,MTL,F
kapriki01,Kirill Kaprizov,Minnesota Wild,MIN,F
karlser01,Erik Karlsson,Pittsburgh Penguins,PIT,D
karlsli01,Linus Karlsson,Vancouver Canucks,VAN,F
karlswi01,William Karlsson,Vegas Golden Knights,VEG,F
kartyty01,Tye Kartye,Seattle Kraken,SEA,F
kaspema01,Marco Kasper,Detroit Red Wings,DET,F
kastema01,Mark Kastelic,Boston Bruins,BOS,F
kelemmi01,Milos Kelemen,Arizona Coyotes,ARI,F
kellecl01,Clayton Keller,Arizona Coyotes,ARI,F
kellypa01,Parker Kelly,Colorado Avalanche,COL,F
kempead01,Adrian Kempe,Los Angeles Kings,LAK,F
kempph01,Philip Kemp,Edmonton Oilers,EDM,D
kerfoal01,Alex Kerfoot,Arizona Coyotes,ARI,F
kessema01,Matthew Kessel,St. Louis Blues,STL,D
kessemi01,Michael Kesselring,Arizona Coyotes,ARI,D
khusnma01,Marat Khusnutdinov,Minnesota Wild,MIN,F
killoal01,Alex Killorn,Anaheim Ducks,ANA,F
kirklju01,Justin Kirkland,Calgary Flames,CGY,F
kivirjo01,Joel Kiviranta,Colorado Avalanche,COL,F
klapkad01,Adam Klapka,Calgary Flames,CGY,F
klevety01,Tyler Kleven,Ottawa Senators,OTT,D
kniesma01,Matthew Knies,Toronto Maple Leafs,TOR,F
knighsp01,Spencer Knight,Florida Panthers,FLA,G
knyzhni01,Nikolai Knyzhov,San Jose Sharks,SJS,D
kochepy01,Pyotr Kochetkov,Carolina Hurricanes,CAR,G
kochpa01,Patrik Koch,Arizona Coyotes,ARI,D
koepkco01,Cole Koepke,Boston Bruins,BOS,F
koleske01,Keegan Kolesar,Vegas Golden Knights,VEG,F
kolosal01,Aleksei Kolosov,Philadelphia Flyers,PHI,G
kolyavl01,Vladislav Kolyachonok,Arizona Coyotes,ARI,D
konectr01,Travis Konecny,Philadelphia Flyers,PHI,F
kopitan01,Anze Kopitar,Los Angeles Kings,LAK,F
korchke01,Kevin Korchinski,Chicago Blackhawks,CHI,D
korczka01,Kaedan Korczak,Vegas Golden Knights,VEG,D
korpijo01,Joonas Korpisalo,Boston Bruins,BOS,G
kostikl01,Klim Kostin,San Jose Sharks,SJS,F
kotkaje01,Jesperi Kotkaniemi,Carolina Hurricanes,CAR,F
kovacjo01,Johnathan Kovacevic,New Jersey Devils,NJD,D
kovalni01,Nikolai Kovalenko,Colorado Avalanche,COL,F
krebspe01,Peyton Krebs,Buffalo Sabres,BUF,F
kreidch01,Chris Kreider,New York Rangers,NYR,F
krugto01,Torey Krug,St. Louis Blues,STL,D
kucheni01,Nikita Kucherov,Tampa Bay Lightning,TBL,F
kuempda01,Darcy Kuemper,Los Angeles Kings,LAK,G
kulakbr01,Brett Kulak,Edmonton Oilers,EDM,D
kulicji01,Jiri Kulich,Buffalo Sabres,BUF,F
kulikdm01,Dmitry Kulikov,Florida Panthers,FLA,D
kuninlu01,Luke Kunin,San Jose Sharks,SJS,F
kuparra01,Rasmus Kupari,Winnipeg Jets,WPG,F
kuralse01,Sean Kuraly,Columbus Blue Jackets,CBJ,F
kurasph01,Philipp Kurashev,Chicago Blackhawks,CHI,F
kuzmean01,Andrei Kuzmenko,Calgary Flames,CGY,F
kuzneya01,Yan Kuznetsov,Calgary Flames,CGY,D
kylinol01,Oliver Kylington,Colorado Avalanche,COL,D
kyroujo01,Jordan Kyrou,St. Louis Blues,STL,F
labanke01,Kevin Labanc,Columbus Blue Jackets,CBJ,F
labersa01,Samuel Laberge,New Jersey Devils,NJD,F
lacomja01,Jackson Lacombe,Anaheim Ducks,ANA,D
laferal01,Alex Laferriere,Los Angeles Kings,LAK,F
laffesa01,Sam Lafferty,Buffalo Sabres,BUF,F
lafreal01,Alexis Lafreniere,New York Rangers,NYR,F
lainepa01,Patrik Laine,Columbus Blue Jackets,CBJ,F
lambebr01,Brad Lambert,Winnipeg Jets,WPG,F
lamouma01,Maveric Lamoureux,Arizona Coyotes,ARI,D
lankike01,Kevin Lankinen,Vancouver Canucks,VAN,G
lapiehe01,Hendrix Lapierre,Washington Capitals,WSH,F
larkidy01,Dylan Larkin,Detroit Red Wings,DET,F
larssad01,Adam Larsson,Seattle Kraken,SEA,D
laughsc01,Scott Laughton,Philadelphia Flyers,PHI,F
laukoja01,Jakub Lauko,Minnesota Wild,MIN,F
lauzoje01,Jeremy Lauzon,Nashville Predators,NSH,D
lavoira01,Raphael Lavoie,Edmonton Oilers,EDM,F
lazarcu01,Curtis Lazar,New Jersey Devils,NJD,F
leasobr01,Brett Leason,Anaheim Ducks,ANA,F
leddyni01,Nick Leddy,St. Louis Blues,STL,D
leean01,Anders Lee,New York Islanders,NYI,F
leean02,Andre Lee,Los Angeles Kings,LAK,F
lehkoar01,Artturi Lehkonen,Colorado Avalanche,COL,F
letankr01,Kris Letang,Pittsburgh Penguins,PIT,D
levide01,Devon Levi,Buffalo Sabres,BUF,G
lewistr01,Trevor Lewis,Los Angeles Kings,LAK,F
lheurza01,Zachary L'Heureux,Nashville Predators,NSH,F
liljeti01,Timothy Liljegren,San Jose Sharks,SJS,D
lindbos01,Oskar Lindblom,San Jose Sharks,SJS,F
lindees01,Esa Lindell,Dallas Stars,DAL,D
lindgch01,Charlie Lindgren,Washington Capitals,WSH,G
lindgry01,Ryan Lindgren,New York Rangers,NYR,D
lindhel01,Elias Lindholm,Boston Bruins,BOS,F
lindhha01,Hampus Lindholm,Boston Bruins,BOS,D
lindko01,Kole Lind,Seattle Kraken,SEA,F
lizotbl01,Blake Lizotte,Pittsburgh Penguins,PIT,F
lohrema01,Mason Lohrei,Boston Bruins,BOS,D
lombery01,Ryan Lomberg,Calgary Flames,CGY,F
lorenst01,Steven Lorentz,Toronto Maple Leafs,TOR,F
lowryad01,Adam Lowry,Winnipeg Jets,WPG,F
luchaje01,Jett Luchanko,Philadelphia Flyers,PHI,F
ludvijo01,John Ludvig,Colorado Avalanche,COL,D
lundean01,Anton Lundell,Florida Panthers,FLA,F
lundeis01,Isac Lundestrom,Anaheim Ducks,ANA,F
lundkni01,Nils Lundkvist,Dallas Stars,DAL,D
luneatr01,Tristan Luneau,Anaheim Ducks,ANA,D
luostee01,Eetu Luostarinen,Florida Panthers,FLA,F
luukkuk01,Ukko-Pekka Luukkonen,Buffalo Sabres,BUF,G
lycksol01,Olle Lycksell,Philadelphia Flyers,PHI,F
lyonal01,Alex Lyon,Detroit Red Wings,DET,G
lyubuil01,Ilya Lyubushkin,Dallas Stars,DAL,D
maattol01,Olli Maatta,Arizona Coyotes,ARI,D
maccema01,Matias Maccelli,Arizona Coyotes,ARI,F
macdeku01,Kurtis Macdermid,New Jersey Devils,NJD,D
maceama01,Mackenzie Maceachern,St. Louis Blues,STL,F
macewza01,Zack Macewen,Ottawa Senators,OTT,F
mackina01,Nathan Mackinnon,Colorado Avalanche,COL,F
macleky01,Kyle Maclean,New York Islanders,NYI,F
mahurjo01,Josh Mahura,Seattle Kraken,SEA,D
mailllo01,Logan Mailloux,Montreal Canadiens,MTL,D
makarca01,Cale Makar,Colorado Avalanche,COL,D
malatja01,James Malatesta,Columbus Blue Jackets,CBJ,F
malenbe01,Beck Malenstyn,Buffalo Sabres,BUF,F
malinsa01,Sam Malinski,Colorado Avalanche,COL,D
malkiev01,Evgeni Malkin,Pittsburgh Penguins,PIT,F
mancivi01,Victor Mancini,New York Rangers,NYR,D
mangian01,Andrew Mangiapane,Washington Capitals,WSH,F
mansojo01,Josh Manson,Colorado Avalanche,COL,D
manthan01,Anthony Mantha,Calgary Flames,CGY,F
marchbr03,Brad Marchand,Boston Bruins,BOS,F
marchki01,Kirill Marchenko,Columbus Blue Jackets,CBJ,F
marchma01,Mason Marchment,Dallas Stars,DAL,F
marinjo01,John Marino,New Jersey Devils,NJD,D
marksja02,Jacob Markstrom,New Jersey Devils,NJD,G
marnemi01,Mitch Marner,Toronto Maple Leafs,TOR,F
maroopa01,Pat Maroon,Chicago Blackhawks,CHI,F
martial01,Alec Martinez,Chicago Blackhawks,CHI,D
martiem01,Emil Lilleberg,Tampa Bay Lightning,TBL,D
martijo01,Jordan Martinook,Carolina Hurricanes,CAR,F
martima02,Matt Martin,New York Islanders,NYI,F
mathemi01,Mike Matheson,Montreal Canadiens,MTL,D
matinni01,Nikolas Matinpalo,Ottawa Senators,OTT,D
matthau01,Auston Matthews,Toronto Maple Leafs,TOR,F
mayfisc01,Scott Mayfield,New York Islanders,NYI,D
mcavoch01,Charlie Mcavoy,Boston Bruins,BOS,D
mcbaija03,Jack Mcbain,Arizona Coyotes,ARI,F
mccabja01,Jake Mccabe,Toronto Maple Leafs,TOR,D
mccanja01,Jared Mccann,Seattle Kraken,SEA,F
mccarmi01,Michael Mccarron,Nashville Predators,NSH,F
mccorma01,Max Mccormick,Seattle Kraken,SEA,F
mcdavco01,Connor Mcdavid,Edmonton Oilers,EDM,F
mcdonry01,Ryan Mcdonagh,Tampa Bay Lightning,TBL,D
mcginbr01,Brock Mcginn,Anaheim Ducks,ANA,F
mcginhu01,Hugh Mcging,St. Louis Blues,STL,F
mcgroru01,Rutger Mcgroarty,Pittsburgh Penguins,PIT,F
mcilrdy01,Dylan Mcilrath,Washington Capitals,WSH,D
mclauma01,Marc Mclaughlin,Boston Bruins,BOS,F
mcleomi01,Michael Mcleod,New Jersey Devils,NJD,F
mcleory01,Ryan Mcleod,Buffalo Sabres,BUF,F
mcmanbo02,Bobby Mcmann,Toronto Maple Leafs,TOR,F
mcmicco01,Connor Mcmichael,Washington Capitals,WSH,F
mcnabbr01,Brayden Mcnabb,Vegas Golden Knights,VEG,D
mctavma01,Mason Mctavish,Anaheim Ducks,ANA,F
mcwarco01,Cole Mcward,Vancouver Canucks,VAN,D
meierti01,Timo Meier,New Jersey Devils,NJD,F
merceda01,Dawson Mercer,New Jersey Devils,NJD,F
merelwa01,Waltteri Merela,Tampa Bay Lightning,TBL,F
merkuge01,Georgii Merkulov,Boston Bruins,BOS,F
mermida01,Dakota Mermis,Minnesota Wild,MIN,D
merrijo01,Jon Merrill,Minnesota Wild,MIN,D
merzlel01,Elvis Merzlikins,Columbus Blue Jackets,CBJ,G
meyerca01,Carson Meyer,Columbus Blue Jackets,CBJ,F
michkma01,Matvei Michkov,Philadelphia Flyers,PHI,F
middlja01,Jake Middleton,Minnesota Wild,MIN,D
mikheil01,Ilya Mikheyev,Chicago Blackhawks,CHI,F
mikkoni01,Niko Mikkola,Florida Panthers,FLA,D
milanso01,Sonny Milano,Washington Capitals,WSH,F
milleco02,Colin Miller,Winnipeg Jets,WPG,D
millejt01,J.T. Miller,Vancouver Canucks,VAN,F
milleka01,K'Andre Miller,New York Rangers,NYR,D
mintefr01,Fraser Minten,Toronto Maple Leafs,TOR,F
mintypa01,Pavel Mintyukov,Anaheim Ducks,ANA,D
miromda01,Daniil Miromanov,Calgary Flames,CGY,D
mirosiv01,Ivan Miroshnichenko,Washington Capitals,WSH,F
misyuda01,Daniil Misyul,New Jersey Devils,NJD,D
mitteca01,Casey Mittelstadt,Colorado Avalanche,COL,F
monahse01,Sean Monahan,Columbus Blue Jackets,CBJ,F
montesa01,Sam Montembeault,Montreal Canadiens,MTL,G
montobr01,Brandon Montour,Seattle Kraken,SEA,D
mooretr01,Trevor Moore,Los Angeles Kings,LAK,F
morelma01,Mason Morelli,Vegas Golden Knights,VEG,F
morrijo04,Josh Morrissey,Winnipeg Jets,WPG,D
morrilo01,Logan Morrison,Seattle Kraken,SEA,F
morrosc02,Scott Morrow,Carolina Hurricanes,CAR,D
moserja01,J.J. Moser,Tampa Bay Lightning,TBL,D
mottety01,Tyler Motte,Detroit Red Wings,DET,F
moverja01,Jacob Moverare,Los Angeles Kings,LAK,D
mrazepe01,Petr Mrazek,Chicago Blackhawks,CHI,G
mukhash01,Shakir Mukhamadullin,San Jose Sharks,SJS,D
murphco02,Connor Murphy,Chicago Blackhawks,CHI,D
murrabr02,Brett Murray,Buffalo Sabres,BUF,F
myersph01,Philippe Myers,Toronto Maple Leafs,TOR,D
myersty01,Tyler Myers,Vancouver Canucks,VAN,D
nadeabr01,Bradly Nadeau,Carolina Hurricanes,CAR,F
namesvl01,Vladislav Namestnikov,Winnipeg Jets,WPG,F
nashri02,Riley Nash,New York Rangers,NYR,F
nazarfr01,Frank Nazar,Chicago Blackhawks,CHI,F
necasma01,Martin Necas,Carolina Hurricanes,CAR,F
nedelal01,Alex Nedeljkovic,Pittsburgh Penguins,PIT,G
neighja01,Jake Neighbours,St. Louis Blues,STL,F
nelsobr01,Brock Nelson,New York Islanders,NYI,F
nemecsi01,Simon Nemec,New Jersey Devils,NJD,D
nesteni02,Nikita Nesterenko,Anaheim Ducks,ANA,F
newhoal01,Alex Newhook,Montreal Canadiens,MTL,F
nichuva01,Valeri Nichushkin,Colorado Avalanche,COL,F
niedeni01,Nino Niederreiter,Winnipeg Jets,WPG,F
nietoma01,Matt Nieto,Pittsburgh Penguins,PIT,F
noesest01,Stefan Noesen,New Jersey Devils,NJD,F
norrijo01,Josh Norris,Ottawa Senators,OTT,F
nosekto01,Tomas Nosek,Florida Panthers,FLA,F
novakth01,Tommy Novak,Nashville Predators,NSH,F
nugenry01,Ryan Nugent-Hopkins,Edmonton Oilers,EDM,F
nurseda01,Darnell Nurse,Edmonton Oilers,EDM,D
nylanwi01,William Nylander,Toronto Maple Leafs,TOR,F
nyquigu01,Gustav Nyquist,Nashville Predators,NSH,F
obrieli01,Liam O'Brien,Arizona Coyotes,ARI,F
oconndr01,Drew O'Connor,Pittsburgh Penguins,PIT,F
oconnlo01,Logan O'Connor,Colorado Avalanche,COL,F
oettija01,Jake Oettinger,Dallas Stars,DAL,G
ohgreli01,Liam Ohgren,Minnesota Wild,MIN,F
olausos01,Oskar Olausson,Colorado Avalanche,COL,F
oleksja01,Jamie Oleksiak,Seattle Kraken,SEA,D
olivima01,Mathieu Olivier,Columbus Blue Jackets,CBJ,F
olofsgu01,Gustav Olofsson,Seattle Kraken,SEA,D
olofsvi01,Victor Olofsson,Vegas Golden Knights,VEG,F
oreilry01,Ryan O'Reilly,Nashville Predators,NSH,F
orlovdm01,Dmitry Orlov,Carolina Hurricanes,CAR,D
oshietj01,T.J. Oshie,Washington Capitals,WSH,F
ostapza01,Zack Ostapchuk,Ottawa Senators,OTT,F
othmabr01,Brennan Othmann,New York Rangers,NYR,F
ovechal01,Alex Ovechkin,Washington Capitals,WSH,F
pachabr01,Brayden Pachal,Calgary Flames,CGY,D
pacioma01,Max Pacioretty,Toronto Maple Leafs,TOR,F
pageaje01,Jean-Gabriel Pageau,New York Islanders,NYI,F
palaton01,Ondrej Palat,New Jersey Devils,NJD,F
palmiky01,Kyle Palmieri,New York Islanders,NYI,F
panarar01,Artemi Panarin,New York Rangers,NYR,F
parayco01,Colton Parayko,St. Louis Blues,STL,D
parssju01,Juuso Parssinen,Nashville Predators,NSH,F
pastrda01,David Pastrnak,Boston Bruins,BOS,F
paulni01,Nicholas Paul,Tampa Bay Lightning,TBL,F
paveljo01,Joe Pavelski,Dallas Stars,DAL,F
pavelon02,Ondrej Pavel,Colorado Avalanche,COL,F
pearsta01,Tanner Pearson,Vegas Golden Knights,VEG,F
peekean01,Andrew Peeke,Boston Bruins,BOS,D
pelecad01,Adam Pelech,New York Islanders,NYI,D
pelleja01,Jakob Pelletier,Calgary Flames,CGY,F
perbini01,Nick Perbix,Tampa Bay Lightning,TBL,D
perfeco01,Cole Perfetti,Winnipeg Jets,WPG,F
perroda01,David Perron,Ottawa Senators,OTT,F
perryco01,Corey Perry,Edmonton Oilers,EDM,F
perunsc01,Scott Perunovich,St. Louis Blues,STL,D
pescebr01,Brett Pesce,New Jersey Devils,NJD,D
petanni01,Nic Petan,Minnesota Wild,MIN,F
peterjo01,Jj Peterka,Buffalo Sabres,BUF,F
petroal01,Alexander Petrovic,Dallas Stars,DAL,D
petryje01,Jeff Petry,Detroit Red Wings,DET,D
petteel01,Elias Pettersson,Vancouver Canucks,VAN,F
pettema01,Marcus Pettersson,Pittsburgh Penguins,PIT,D
pezzemi01,Michael Pezzetta,Montreal Canadiens,MTL,F
phillis01,Isaak Phillips,Chicago Blackhawks,CHI,D
philpno01,Noah Philp,Edmonton Oilers,EDM,F
pickaca01,Calvin Pickard,Edmonton Oilers,EDM,G
pietral01,Alex Pietrangelo,Vegas Golden Knights,VEG,D
pintosh01,Shane Pinto,Ottawa Senators,OTT,F
pionkne01,Neal Pionk,Winnipeg Jets,WPG,D
podkova01,Vasily Podkolzin,Edmonton Oilers,EDM,F
poehlry01,Ryan Poehling,Philadelphia Flyers,PHI,F
pointbr01,Brayden Point,Tampa Bay Lightning,TBL,F
poitrma01,Matthew Poitras,Boston Bruins,BOS,F
polinja01,Jason Polin,Colorado Avalanche,COL,F
ponomva01,Vasiliy Ponomarev,Carolina Hurricanes,CAR,F
pospima01,Martin Pospisil,Calgary Flames,CGY,F
poturan01,Andrew Poturalski,Seattle Kraken,SEA,F
poulisa01,Sam Poulin,Pittsburgh Penguins,PIT,F
powerow01,Owen Power,Buffalo Sabres,BUF,D
primeca01,Cayden Primeau,Montreal Canadiens,MTL,G
prishni01,Nikita Prishchepov,Colorado Avalanche,COL,C
protaal01,Aliaksei Protas,Washington Capitals,WSH,F
provoiv01,Ivan Provorov,Columbus Blue Jackets,CBJ,D
puljuje01,Jesse Puljujarvi,Pittsburgh Penguins,PIT,F
pulocry01,Ryan Pulock,New York Islanders,NYI,D
puustva01,Valtteri Puustinen,Pittsburgh Penguins,PIT,F
pyyhtmi01,Mikael Pyyhtia,Columbus Blue Jackets,CBJ,F
quickjo01,Jonathan Quick,New York Rangers,NYR,G
quinnja01,Jack Quinn,Buffalo Sabres,BUF,F
raddyda01,Darren Raddysh,Tampa Bay Lightning,TBL,D
raddyta01,Taylor Raddysh,Washington Capitals,WSH,F
rakelri01,Rickard Rakell,Pittsburgh Penguins,PIT,F
rantami01,Mikko Rantanen,Colorado Avalanche,COL,F
rasmumi01,Michael Rasmussen,Detroit Red Wings,DET,F
ratyaa01,Aatu Raty,Vancouver Canucks,VAN,F
ratyak01,Aku Raty,Arizona Coyotes,ARI,F
raymolu01,Lucas Raymond,Detroit Red Wings,DET,F
reavery01,Ryan Reaves,Toronto Maple Leafs,TOR,F
regenpa01,Pavol Regenda,Anaheim Ducks,ANA,F
reichlu01,Lukas Reichel,Chicago Blackhawks,CHI,F
reillmi01,Mike Reilly,New York Islanders,NYI,D
reimeja01,James Reimer,Anaheim Ducks,ANA,G
reinhco01,Cole Reinhardt,Ottawa Senators,OTT,F
reinhsa01,Sam Reinhart,Florida Panthers,FLA,F
rempash01,Sheldon Rempal,Vegas Golden Knights,VEG,F
rempema01,Matt Rempe,New York Rangers,NYR,F
riellmo01,Morgan Rielly,Toronto Maple Leafs,TOR,D
rifaima01,Marshall Rifai,Toronto Maple Leafs,TOR,D
ristora01,Rasmus Ristolainen,Philadelphia Flyers,PHI,D
ritchca01,Calum Ritchie,Colorado Avalanche,COL,F
rittida01,David Rittich,Los Angeles Kings,LAK,G
roberja01,Jason Robertson,Dallas Stars,DAL,F
roberni01,Nicholas Robertson,Toronto Maple Leafs,TOR,F
robiner01,Eric Robinson,Carolina Hurricanes,CAR,F
rodriev01,Evan Rodrigues,Florida Panthers,FLA,F
romanal01,Alexander Romanov,New York Islanders,NYI,D
rondbjo01,Jonas Rondbjerg,Vegas Golden Knights,VEG,F
rooneke01,Kevin Rooney,Calgary Flames,CGY,F
roosfi01,Filip Roos,Chicago Blackhawks,CHI,D
rosenca01,Calle Rosen,St. Louis Blues,STL,D
rosenis01,Isak Rosen,Buffalo Sabres,BUF,F
rosloja01,Jack Roslovic,Carolina Hurricanes,CAR,F
rossima01,Marco Rossi,Minnesota Wild,MIN,F
rouselu01,Lukas Rousek,Buffalo Sabres,BUF,F
royjo01,Joshua Roy,Montreal Canadiens,MTL,F
royma04,Matt Roy,Washington Capitals,WSH,D
royni01,Nicolas Roy,Vegas Golden Knights,VEG,F
ruhwech01,Chad Ruhwedel,New York Rangers,NYR,D
rustbr01,Bryan Rust,Pittsburgh Penguins,PIT,F
ruttaja02,Jan Rutta,San Jose Sharks,SJS,D
ryande01,Derek Ryan,Edmonton Oilers,EDM,F
saadbr01,Brandon Saad,St. Louis Blues,STL,F
sabousc01,Scott Sabourin,San Jose Sharks,SJS,F
sambedy01,Dylan Samberg,Winnipeg Jets,WPG,D
samosma01,Mackie Samoskevich,Florida Panthers,FLA,F
samsoil01,Ilya Samsonov,Vegas Golden Knights,VEG,G
samuema02,Mattias Samuelsson,Buffalo Sabres,BUF,D
sandeja01,Jake Sanderson,Ottawa Senators,OTT,D
sandira01,Rasmus Sandin,Washington Capitals,WSH,D
sanhetr01,Travis Sanheim,Philadelphia Flyers,PHI,D
sarosju01,Juuse Saros,Nashville Predators,NSH,G
savarda01,David Savard,Montreal Canadiens,MTL,D
savoima01,Matt Savoie,Buffalo Sabres,BUF,F
scandma01,Marco Scandella,St. Louis Blues,STL,D
scanlbr01,Brandon Scanlin,New York Rangers,NYR,D
scheima01,Mark Scheifele,Winnipeg Jets,WPG,F
schenbr01,Brayden Schenn,St. Louis Blues,STL,F
schenlu01,Luke Schenn,Nashville Predators,NSH,D
schmani01,Nick Schmaltz,Arizona Coyotes,ARI,F
schmina01,Nate Schmidt,Florida Panthers,FLA,D
schnebr01,Braden Schneider,New York Rangers,NYR,D
schulju01,Justin Schultz,Seattle Kraken,SEA,D
schwaja01,Jaden Schwartz,Seattle Kraken,SEA,F
schwico01,Cole Schwindt,Vegas Golden Knights,VEG,F
seeleni01,Nick Seeler,Philadelphia Flyers,PHI,D
seguity01,Tyler Seguin,Dallas Stars,DAL,F
seidemo01,Moritz Seider,Detroit Red Wings,DET,D
seneybr01,Brett Seney,Chicago Blackhawks,CHI,F
sergami01,Mikhail Sergachev,Arizona Coyotes,ARI,D
severda01,Damon Severson,Columbus Blue Jackets,CBJ,D
sgarbmi01,Michael Sgarbossa,Washington Capitals,WSH,F
sharaye01,Yegor Sharangovich,Calgary Flames,CGY,F
shawma01,Mason Shaw,Minnesota Wild,MIN,F
shearco01,Conor Sheary,Tampa Bay Lightning,TBL,F
sheary01,Ryan Shea,Pittsburgh Penguins,PIT,D
sherwki01,Kiefer Sherwood,Vancouver Canucks,VAN,F
shestig01,Igor Shesterkin,New York Rangers,NYR,G
siegejo01,Jonas Siegenthaler,New Jersey Devils,NJD,D
silfvja01,Jakob Silfverberg,Anaheim Ducks,ANA,F
sillico01,Cole Sillinger,Columbus Blue Jackets,CBJ,F
silovar01,Arturs Silovs,Vancouver Canucks,VAN,G
sissoco01,Colton Sissons,Nashville Predators,NSH,F
skinnje01,Jeff Skinner,Edmonton Oilers,EDM,F
skinnst01,Stuart Skinner,Edmonton Oilers,EDM,G
skjeibr01,Brady Skjei,Nashville Predators,NSH,D
slafkju01,Juraj Slafkovsky,Montreal Canadiens,MTL,F
slaggla01,Landon Slaggert,Chicago Blackhawks,CHI,F
slavija01,Jaccob Slavin,Carolina Hurricanes,CAR,D
smejkji01,Jiri Smejkal,Ottawa Senators,OTT,F
smithbr05,Brendan Smith,Dallas Stars,DAL,D
smithco02,Cole Smith,Nashville Predators,NSH,F
smithcr01,Craig Smith,Chicago Blackhawks,CHI,F
smithgi01,Givani Smith,San Jose Sharks,SJS,F
smithre01,Reilly Smith,New York Rangers,NYR,F
smithwi01,Will Smith,San Jose Sharks,SJS,F
snivejo01,Joe Snively,Washington Capitals,WSH,F
soderar01,Arvid Soderblom,Chicago Blackhawks,CHI,G
sodervi01,Victor Soderstrom,Arizona Coyotes,ARI,D
sogaama01,Mads Sogaard,Ottawa Senators,OTT,G
solovil01,Ilya Solovyov,Calgary Flames,CGY,D
sorokil01,Ilya Sorokin,New York Islanders,NYI,G
soucyca01,Carson Soucy,Vancouver Canucks,VAN,D
sourdju01,Justin Sourdif,Florida Panthers,FLA,F
spencjo01,Jordan Spence,Los Angeles Kings,LAK,D
spronda01,Daniel Sprong,Vancouver Canucks,VAN,F
spurgja01,Jared Spurgeon,Minnesota Wild,MIN,D
staaljo01,Jordan Staal,Carolina Hurricanes,CAR,F
stamkst01,Steven Stamkos,Nashville Predators,NSH,F
stanklo01,Logan Stankoven,Dallas Stars,DAL,F
stanllo01,Logan Stanley,Winnipeg Jets,WPG,D
stastsp01,Spencer Stastney,Nashville Predators,NSH,D
stechtr01,Troy Stecher,Edmonton Oilers,EDM,D
steelsa01,Sam Steel,Dallas Stars,DAL,F
steenos01,Oskar Steen,Boston Bruins,BOS,F
steeval02,Alex Steeves,Toronto Maple Leafs,TOR,F
stenlke01,Kevin Stenlund,Arizona Coyotes,ARI,F
stephch02,Chandler Stephenson,Seattle Kraken,SEA,F
stephmi01,Mitchell Stephens,Montreal Canadiens,MTL,F
stienma01,Matt Stienburg,Colorado Avalanche,COL,F
stivajo01,Jack St. Ivany,Pittsburgh Penguins,PIT,D
stolaan01,Anthony Stolarz,Toronto Maple Leafs,TOR,G
stonema01,Mark Stone,Vegas Golden Knights,VEG,F
stromdy01,Dylan Strome,Washington Capitals,WSH,F
stromry01,Ryan Strome,Anaheim Ducks,ANA,F
strubja01,Jayden Struble,Montreal Canadiens,MTL,D
stuetti02,Tim Stutzle,Ottawa Senators,OTT,F
sturmni01,Nico Sturm,San Jose Sharks,SJS,F
sundqos01,Oskar Sundqvist,St. Louis Blues,STL,F
suterpi01,Pius Suter,Vancouver Canucks,VAN,F
suterry01,Ryan Suter,St. Louis Blues,STL,D
suzukni01,Nick Suzuki,Montreal Canadiens,MTL,F
svechan01,Andrei Svechnikov,Carolina Hurricanes,CAR,F
swaymje01,Jeremy Swayman,Boston Bruins,BOS,G
szubema01,Maksymilian Szuber,Arizona Coyotes,ARI,D
talboca01,Cam Talbot,Detroit Red Wings,DET,G
tanevbr01,Brandon Tanev,Seattle Kraken,SEA,F
tanevch01,Chris Tanev,Toronto Maple Leafs,TOR,D
tarasda02,Daniil Tarasov,Columbus Blue Jackets,CBJ,G
tarasvl01,Vladimir Tarasenko,Detroit Red Wings,DET,F
tatarto01,Tomas Tatar,New Jersey Devils,NJD,F
tavarjo01,John Tavares,Toronto Maple Leafs,TOR,F
teravte01,Teuvo Teravainen,Chicago Blackhawks,CHI,F
terrytr01,Troy Terry,Anaheim Ducks,ANA,F
texieal01,Alexandre Texier,St. Louis Blues,STL,F
theodsh01,Shea Theodore,Vegas Golden Knights,VEG,D
thomaak01,Akil Thomas,Los Angeles Kings,LAK,F
thomaro01,Robert Thomas,St. Louis Blues,STL,F
thompja01,Jack Thompson,San Jose Sharks,SJS,D
thomplo01,Logan Thompson,Washington Capitals,WSH,G
thompta01,Tage Thompson,Buffalo Sabres,BUF,F
thrunhe01,Henry Thrun,San Jose Sharks,SJS,D
timmico01,Conor Timmins,Toronto Maple Leafs,TOR,D
tinorja01,Jarred Tinordi,Chicago Blackhawks,CHI,D
tippeow01,Owen Tippett,Philadelphia Flyers,PHI,F
tkachbr01,Brady Tkachuk,Ottawa Senators,OTT,F
tkachma01,Matthew Tkachuk,Florida Panthers,FLA,F
toewsde01,Devon Toews,Colorado Avalanche,COL,D
toffoty01,Tyler Toffoli,San Jose Sharks,SJS,F
tolvaee01,Eeli Tolvanen,Seattle Kraken,SEA,F
tomasph01,Philip Tomasino,Nashville Predators,NSH,F
tonindo01,Dominic Toninato,Winnipeg Jets,WPG,F
toropal01,Alexey Toropchenko,St. Louis Blues,STL,F
treniya01,Yakov Trenin,Minnesota Wild,MIN,F
trochvi01,Vincent Trocheck,New York Rangers,NYR,F
troubja01,Jacob Trouba,New York Rangers,NYR,D
tsyplma01,Maxim Tsyplakov,New York Islanders,NYI,F
tuchal01,Alex Tuch,Buffalo Sabres,BUF,F
tuckety01,Tyler Tucker,St. Louis Blues,STL,D
tufteri01,Riley Tufte,Boston Bruins,BOS,F
turcoal02,Alex Turcotte,Los Angeles Kings,LAK,F
tynant.01,T.J. Tynan,Colorado Avalanche,COL,F
ullmali01,Linus Ullmark,Ottawa Senators,OTT,G
vaakaur01,Urho Vaakanainen,Anaheim Ducks,ANA,D
valimju01,Juuso Valimaki,Arizona Coyotes,ARI,D
vanecvi01,Vitek Vanecek,San Jose Sharks,SJS,G
vanrija01,James Van Riemsdyk,Columbus Blue Jackets,CBJ,F
vanritr01,Trevor Van Riemsdyk,Washington Capitals,WSH,D
varlasi01,Semyon Varlamov,New York Islanders,NYI,G
vasilan02,Andrei Vasilevskiy,Tampa Bay Lightning,TBL,G
vatrafr01,Frank Vatrano,Anaheim Ducks,ANA,F
vejmeka01,Karel Vejmelka,Arizona Coyotes,ARI,G
velenjo01,Joe Veleno,Detroit Red Wings,DET,F
verhaca01,Carter Verhaeghe,Florida Panthers,FLA,F
veseyji02,Jimmy Vesey,New York Rangers,NYR,F
vilarga01,Gabriel Vilardi,Winnipeg Jets,WPG,F
vladada01,Daniel Vladar,Calgary Flames,CGY,G
vlasial01,Alex Vlasic,Chicago Blackhawks,CHI,D
vlasima01,Marc-Edouard Vlasic,San Jose Sharks,SJS,D
vorondi01,Dmitri Voronkov,Columbus Blue Jackets,CBJ,F
vranaja01,Jakub Vrana,Washington Capitals,WSH,F
wagnech01,Chris Wagner,Colorado Avalanche,COL,F
wahlsol01,Oliver Wahlstrom,New York Islanders,NYI,F
walkena01,Nathan Walker,St. Louis Blues,STL,F
walkesa01,Sammy Walker,Minnesota Wild,MIN,F
walkese01,Sean Walker,Carolina Hurricanes,CAR,D
walmaja01,Jake Walman,San Jose Sharks,SJS,D
watsoau01,Austin Watson,Detroit Red Wings,DET,F
wedgesc01,Scott Wedgewood,Nashville Predators,NSH,G
weegama01,Mackenzie Weegar,Calgary Flames,CGY,D
wennbal01,Alex Wennberg,San Jose Sharks,SJS,F
werenza01,Zach Werenski,Columbus Blue Jackets,CBJ,D
whiteza01,Zach Whitecloud,Vegas Golden Knights,VEG,D
wilsoto01,Tom Wilson,Washington Capitals,WSH,F
wintery01,Ryan Winterton,Seattle Kraken,SEA,F
wolfdu01,Dustin Wolf,Calgary Flames,CGY,G
wolljo01,Joseph Woll,Toronto Maple Leafs,TOR,G
woodmi01,Miles Wood,Colorado Avalanche,COL,F
wothepa01,Parker Wotherspoon,Boston Bruins,BOS,D
wrighsh01,Shane Wright,Seattle Kraken,SEA,F
xhekaar01,Arber Xhekaj,Montreal Canadiens,MTL,D
yamamka01,Kailer Yamamoto,Arizona Coyotes,ARI,F
yloneje01,Jesse Ylonen,Montreal Canadiens,MTL,F
yorkca01,Cam York,Philadelphia Flyers,PHI,D
zachapa01,Pavel Zacha,Boston Bruins,BOS,F
zadorni01,Nikita Zadorov,Boston Bruins,BOS,D
zamulye01,Yegor Zamula,Philadelphia Flyers,PHI,D
zaryco01,Connor Zary,Calgary Flames,CGY,F
zegratr01,Trevor Zegras,Anaheim Ducks,ANA,F
zellwol01,Olen Zellweger,Anaheim Ducks,ANA,D
zettefa01,Fabian Zetterlund,San Jose Sharks,SJS,F
zibanmi01,Mika Zibanejad,New York Rangers,NYR,F
zubar01,Artem Zub,Ottawa Senators,OTT,D
zuccama01,Mats Zuccarello,Minnesota Wild,MIN,F
zuckeja01,Jason Zucker,Buffalo Sabres,BUF,F
