GameID,Game,PlayerID,Player,Team,Is_Home,Opp,Stat,Line,Type
202411300FLA,FLA vs CAR,ahose01,Sebastian Aho,CAR,0,FLA,A,0.5,Norm.
202411300FLA,FLA vs CAR,ahose01,Sebastian Aho,CAR,0,FLA,G,0.5,Dem.
202411300FLA,FLA vs CAR,ahose01,Sebastian Aho,CAR,0,FLA,PTS,0.5,Gob.
202411300FLA,FLA vs CAR,ahose01,Sebastian Aho,CAR,0,FLA,PTS,1.5,Dem.
202411300FLA,FLA vs CAR,ahose01,Sebastian Aho,CAR,0,FLA,TOI,19.5,Norm.
202411300PIT,PIT vs CGY,anderra01,Rasmus Andersson,CGY,0,PIT,A,0.5,Dem.
202411300PIT,PIT vs CGY,anderra01,Rasmus Andersson,CGY,0,PIT,BLK,2.5,Norm.
202411300MIN,MIN vs NSH,audymjo01,Jonathan Marchessault,NSH,0,MIN,A,0.5,Dem.
202411300MIN,MIN vs NSH,audymjo01,Jonathan Marchessault,NSH,0,MIN,G,0.5,Dem.
202411300MIN,MIN vs NSH,audymjo01,Jonathan Marchessault,NSH,0,MIN,PTS,0.5,Norm.
202411300MIN,MIN vs NSH,audymjo01,Jonathan Marchessault,NSH,0,MIN,SOG,3.5,Dem.
202411300PIT,PIT vs CGY,backlmi01,Mikael Backlund,CGY,0,PIT,A,0.5,Dem.
202411300PIT,PIT vs CGY,backlmi01,Mikael Backlund,CGY,0,PIT,G,0.5,Dem.
202411300VEG,VEG vs ARI,barbaiv01,Ivan Barbashev,VEG,1,ARI,A,0.5,Dem.
202411300VEG,VEG vs ARI,barbaiv01,Ivan Barbashev,VEG,1,ARI,G,0.5,Dem.
202411300FLA,FLA vs CAR,barkoal01,Aleksander Barkov,FLA,1,CAR,A,1.5,Dem.
202411300FLA,FLA vs CAR,barkoal01,Aleksander Barkov,FLA,1,CAR,G,0.5,Dem.
202411300FLA,FLA vs CAR,barkoal01,Aleksander Barkov,FLA,1,CAR,PTS,0.5,Gob.
202411300FLA,FLA vs CAR,barkoal01,Aleksander Barkov,FLA,1,CAR,PTS,1.5,Dem.
202411300FLA,FLA vs CAR,barkoal01,Aleksander Barkov,FLA,1,CAR,TOI,20,Norm.
202411300LAK,LAK vs OTT,bathedr01,Drake Batherson,OTT,0,LAK,G,0.5,Dem.
202411300LAK,LAK vs OTT,bathedr01,Drake Batherson,OTT,0,LAK,HIT,1.5,Norm.
202411300LAK,LAK vs OTT,bathedr01,Drake Batherson,OTT,0,LAK,SOG,1.5,Gob.
202411300LAK,LAK vs OTT,bathedr01,Drake Batherson,OTT,0,LAK,SOG,2.5,Dem.
202411300SEA,SEA vs SJS,beniema01,Matty Beniers,SEA,1,SJS,G,0.5,Dem.
202411300SEA,SEA vs SJS,beniema01,Matty Beniers,SEA,1,SJS,PTS,0.5,Norm.
202411300SEA,SEA vs SJS,beniema01,Matty Beniers,SEA,1,SJS,SOG,1.5,Gob.
202411300FLA,FLA vs CAR,bennesa01,Sam Bennett,FLA,1,CAR,A,0.5,Dem.
202411300FLA,FLA vs CAR,bennesa01,Sam Bennett,FLA,1,CAR,G,0.5,Dem.
202411300TBL,TBL vs TOR,benoisi01,Simon Benoit,TOR,0,TBL,HIT,2.5,Norm.
202411300SEA,SEA vs SJS,bjorkol01,Oliver Bjorkstrand,SEA,1,SJS,A,0.5,Dem.
202411300SEA,SEA vs SJS,bjorkol01,Oliver Bjorkstrand,SEA,1,SJS,G,0.5,Dem.
202411300SEA,SEA vs SJS,bjorkol01,Oliver Bjorkstrand,SEA,1,SJS,HIT,0.5,Norm.
202411300SEA,SEA vs SJS,bjorkol01,Oliver Bjorkstrand,SEA,1,SJS,PTS,0.5,Norm.
202411300VEG,VEG vs ARI,bjugsni01,Nick Bjugstad,ARI,0,VEG,SOG,1.5,Norm.
202411300MIN,MIN vs NSH,boldyma01,Matt Boldy,MIN,1,NSH,G,0.5,Dem.
202411300MIN,MIN vs NSH,boldyma01,Matt Boldy,MIN,1,NSH,PTS,1.5,Dem.
202411300MIN,MIN vs NSH,boldyma01,Matt Boldy,MIN,1,NSH,PTS,0.5,Gob.
202411300MIN,MIN vs NSH,boldyma01,Matt Boldy,MIN,1,NSH,SOG,2.5,Gob.
202411300COL,COL vs EDM,bouchev01,Evan Bouchard,EDM,0,COL,A,0.5,Norm.
202411300COL,COL vs EDM,bouchev01,Evan Bouchard,EDM,0,COL,PTS,1.5,Dem.
202411300COL,COL vs EDM,bouchev01,Evan Bouchard,EDM,0,COL,SOG,2.5,Norm.
202411300COL,COL vs EDM,bouchev01,Evan Bouchard,EDM,0,COL,TOI,23.5,Norm.
202411300NJD,NJD vs WSH,brattje01,Jesper Bratt,NJD,1,WSH,A,0.5,Norm.
202411300NJD,NJD vs WSH,brattje01,Jesper Bratt,NJD,1,WSH,G,0.5,Dem.
202411300NJD,NJD vs WSH,brattje01,Jesper Bratt,NJD,1,WSH,PTS,0.5,Gob.
202411300NJD,NJD vs WSH,brattje01,Jesper Bratt,NJD,1,WSH,PTS,1.5,Dem.
202411300PIT,PIT vs CGY,buntimi01,Michael Bunting,PIT,1,CGY,G,0.5,Dem.
202411300SEA,SEA vs SJS,burakan01,Andre Burakovsky,SEA,1,SJS,A,0.5,Dem.
202411300FLA,FLA vs CAR,burnsbr01,Brent Burns,CAR,0,FLA,A,0.5,Dem.
202411300FLA,FLA vs CAR,burnsbr01,Brent Burns,CAR,0,FLA,PTS,0.5,Dem.
202411300FLA,FLA vs CAR,burnsbr01,Brent Burns,CAR,0,FLA,SOG,2.5,Dem.
202411300FLA,FLA vs CAR,burnsbr01,Brent Burns,CAR,0,FLA,SOG,1.5,Gob.
202411300LAK,LAK vs OTT,burroky01,Kyle Burroughs,LAK,1,OTT,HIT,2.5,Norm.
202411300LAK,LAK vs OTT,byfiequ01,Quinton Byfield,LAK,1,OTT,A,0.5,Dem.
202411300NJD,NJD vs WSH,carlsjo01,John Carlson,WSH,0,NJD,A,0.5,Dem.
202411300NJD,NJD vs WSH,carlsjo01,John Carlson,WSH,0,NJD,TOI,23.5,Norm.
202411300NYR,NYR vs MTL,caufico01,Cole Caufield,MTL,0,NYR,A,0.5,Dem.
202411300NYR,NYR vs MTL,caufico01,Cole Caufield,MTL,0,NYR,G,0.5,Dem.
202411300NYR,NYR vs MTL,caufico01,Cole Caufield,MTL,0,NYR,HIT,0.5,Norm.
202411300NYR,NYR vs MTL,caufico01,Cole Caufield,MTL,0,NYR,SOG,3.5,Dem.
202411300SEA,SEA vs SJS,celebma01,Macklin Celebrini,SJS,0,SEA,A,0.5,Dem.
202411300SEA,SEA vs SJS,celebma01,Macklin Celebrini,SJS,0,SEA,G,0.5,Dem.
202411300SEA,SEA vs SJS,celebma01,Macklin Celebrini,SJS,0,SEA,PTS,0.5,Norm.
202411300SEA,SEA vs SJS,celebma01,Macklin Celebrini,SJS,0,SEA,SOG,2.5,Norm.
202411300LAK,LAK vs OTT,chaboth01,Thomas Chabot,OTT,0,LAK,A,0.5,Dem.
202411300LAK,LAK vs OTT,chaboth01,Thomas Chabot,OTT,0,LAK,PTS,0.5,Dem.
202411300LAK,LAK vs OTT,chaboth01,Thomas Chabot,OTT,0,LAK,SOG,1.5,Gob.
202411300LAK,LAK vs OTT,chaboth01,Thomas Chabot,OTT,0,LAK,SOG,2.5,Dem.
202411300LAK,LAK vs OTT,chaboth01,Thomas Chabot,OTT,0,LAK,TOI,23,Norm.
202411300NJD,NJD vs WSH,chychja01,Jakob Chychrun,WSH,0,NJD,A,0.5,Dem.
202411300NJD,NJD vs WSH,chychja01,Jakob Chychrun,WSH,0,NJD,PTS,0.5,Dem.
202411300TBL,TBL vs TOR,cirelan01,Anthony Cirelli,TBL,1,TOR,A,0.5,Dem.
202411300TBL,TBL vs TOR,cirelan01,Anthony Cirelli,TBL,1,TOR,G,0.5,Dem.
202411300PIT,PIT vs CGY,coronma01,Matt Coronato,CGY,0,PIT,A,0.5,Dem.
202411300PIT,PIT vs CGY,coronma01,Matt Coronato,CGY,0,PIT,G,0.5,Dem.
202411300PIT,PIT vs CGY,coronma01,Matt Coronato,CGY,0,PIT,SOG,1.5,Gob.
202411300NJD,NJD vs WSH,cottepa01,Paul Cotter,NJD,1,WSH,G,0.5,Dem.
202411300NJD,NJD vs WSH,cottepa01,Paul Cotter,NJD,1,WSH,HIT,3,Norm.
202411300STL,STL vs PHI,coutuse01,Sean Couturier,PHI,0,STL,A,0.5,Dem.
202411300STL,STL vs PHI,coutuse01,Sean Couturier,PHI,0,STL,G,0.5,Dem.
202411300NYI,NYI vs BUF,cozendy01,Dylan Cozens,BUF,0,NYI,A,0.5,Dem.
202411300NYI,NYI vs BUF,cozendy01,Dylan Cozens,BUF,0,NYI,G,0.5,Dem.
202411300PIT,PIT vs CGY,crosbsi01,Sidney Crosby,PIT,1,CGY,A,0.5,Norm.
202411300PIT,PIT vs CGY,crosbsi01,Sidney Crosby,PIT,1,CGY,G,0.5,Dem.
202411300PIT,PIT vs CGY,crosbsi01,Sidney Crosby,PIT,1,CGY,PTS,0.5,Gob.
202411300PIT,PIT vs CGY,crosbsi01,Sidney Crosby,PIT,1,CGY,PTS,1.5,Dem.
202411300PIT,PIT vs CGY,crosbsi01,Sidney Crosby,PIT,1,CGY,SOG,3.5,Dem.
202411300PIT,PIT vs CGY,crosbsi01,Sidney Crosby,PIT,1,CGY,TOI,19.75,Norm.
202411300VEG,VEG vs ARI,crousla01,Lawson Crouse,ARI,0,VEG,SOG,1.5,Norm.
202411300NYR,NYR vs MTL,cuyllwi01,Will Cuylle,NYR,1,MTL,A,0.5,Dem.
202411300NYR,NYR vs MTL,cuyllwi01,Will Cuylle,NYR,1,MTL,G,0.5,Dem.
202411300NYR,NYR vs MTL,cuyllwi01,Will Cuylle,NYR,1,MTL,HIT,3.5,Norm.
202411300NYR,NYR vs MTL,cuyllwi01,Will Cuylle,NYR,1,MTL,PTS,0.5,Norm.
202411300NYR,NYR vs MTL,cuyllwi01,Will Cuylle,NYR,1,MTL,SOG,2.5,Dem.
202411300NYR,NYR vs MTL,cuyllwi01,Will Cuylle,NYR,1,MTL,SOG,1.5,Gob.
202411300NYR,NYR vs MTL,dachki01,Kirby Dach,MTL,0,NYR,A,0.5,Dem.
202411300NYR,NYR vs MTL,dachki01,Kirby Dach,MTL,0,NYR,PTS,0.5,Dem.
202411300NYR,NYR vs MTL,dachki01,Kirby Dach,MTL,0,NYR,SOG,1.5,Norm.
202411300NYI,NYI vs BUF,dahlira01,Rasmus Dahlin,BUF,0,NYI,BLK,1.5,Norm.
202411300NYI,NYI vs BUF,dahlira01,Rasmus Dahlin,BUF,0,NYI,G,0.5,Dem.
202411300NYI,NYI vs BUF,dahlira01,Rasmus Dahlin,BUF,0,NYI,PTS,1.5,Dem.
202411300NYI,NYI vs BUF,dahlira01,Rasmus Dahlin,BUF,0,NYI,SOG,3.5,Dem.
202411300NYI,NYI vs BUF,dahlira01,Rasmus Dahlin,BUF,0,NYI,TOI,25,Norm.
202411300LAK,LAK vs OTT,danauph01,Phillip Danault,LAK,1,OTT,A,0.5,Dem.
202411300NYI,NYI vs BUF,dobsono01,Noah Dobson,NYI,1,BUF,PTS,0.5,Norm.
202411300NYI,NYI vs BUF,dobsono01,Noah Dobson,NYI,1,BUF,TOI,23.5,Norm.
202411300VEG,VEG vs ARI,dorofpa01,Pavel Dorofeyev,VEG,1,ARI,A,0.5,Dem.
202411300VEG,VEG vs ARI,dorofpa01,Pavel Dorofeyev,VEG,1,ARI,G,0.5,Dem.
202411300COL,COL vs EDM,draisle01,Leon Draisaitl,EDM,0,COL,A,1.5,Dem.
202411300COL,COL vs EDM,draisle01,Leon Draisaitl,EDM,0,COL,PTS,1.5,Dem.
202411300COL,COL vs EDM,draisle01,Leon Draisaitl,EDM,0,COL,PTS,0.5,Gob.
202411300COL,COL vs EDM,drouijo01,Jonathan Drouin,COL,1,EDM,G,0.5,Dem.
202411300NJD,NJD vs WSH,duboipi01,Pierre-Luc Dubois,WSH,0,NJD,A,0.5,Dem.
202411300NJD,NJD vs WSH,duboipi01,Pierre-Luc Dubois,WSH,0,NJD,G,0.5,Dem.
202411300LAK,LAK vs OTT,edmunjo01,Joel Edmundson,LAK,1,OTT,BLK,1.5,Gob.
202411300VEG,VEG vs ARI,eicheja01,Jack Eichel,VEG,1,ARI,A,1.5,Dem.
202411300VEG,VEG vs ARI,eicheja01,Jack Eichel,VEG,1,ARI,A,0.5,Gob.
202411300VEG,VEG vs ARI,eicheja01,Jack Eichel,VEG,1,ARI,G,0.5,Dem.
202411300VEG,VEG vs ARI,eicheja01,Jack Eichel,VEG,1,ARI,PTS,0.5,Gob.
202411300VEG,VEG vs ARI,eicheja01,Jack Eichel,VEG,1,ARI,SOG,2.5,Gob.
202411300VEG,VEG vs ARI,eicheja01,Jack Eichel,VEG,1,ARI,TOI,20.5,Norm.
202411300FLA,FLA vs CAR,ekblaaa01,Aaron Ekblad,FLA,1,CAR,A,0.5,Dem.
202411300FLA,FLA vs CAR,ekblaaa01,Aaron Ekblad,FLA,1,CAR,HIT,1.5,Norm.
202411300COL,COL vs EDM,ekholma01,Mattias Ekholm,EDM,0,COL,A,0.5,Dem.
202411300COL,COL vs EDM,ekholma01,Mattias Ekholm,EDM,0,COL,PTS,0.5,Dem.
202411300COL,COL vs EDM,ekholma01,Mattias Ekholm,EDM,0,COL,SOG,2.5,Dem.
202411300COL,COL vs EDM,ekholma01,Mattias Ekholm,EDM,0,COL,SOG,1.5,Gob.
202411300SEA,SEA vs SJS,eklunwi01,William Eklund,SJS,0,SEA,A,0.5,Dem.
202411300SEA,SEA vs SJS,eklunwi01,William Eklund,SJS,0,SEA,G,0.5,Dem.
202411300SEA,SEA vs SJS,eklunwi01,William Eklund,SJS,0,SEA,PTS,0.5,Norm.
202411300SEA,SEA vs SJS,eklunwi01,William Eklund,SJS,0,SEA,SOG,1.5,Norm.
202411300SEA,SEA vs SJS,eklunwi01,William Eklund,SJS,0,SEA,TOI,19.75,Norm.
202411300MIN,MIN vs NSH,eriksjo02,Joel Eriksson Ek,MIN,1,NSH,G,0.5,Dem.
202411300MIN,MIN vs NSH,eriksjo02,Joel Eriksson Ek,MIN,1,NSH,PTS,1.5,Dem.
202411300MIN,MIN vs NSH,eriksjo02,Joel Eriksson Ek,MIN,1,NSH,SOG,3.5,Dem.
202411300SEA,SEA vs SJS,evansry01,Ryker Evans,SEA,1,SJS,A,0.5,Dem.
202411300MIN,MIN vs NSH,faberbr01,Brock Faber,MIN,1,NSH,A,0.5,Dem.
202411300MIN,MIN vs NSH,faberbr01,Brock Faber,MIN,1,NSH,TOI,24.5,Norm.
202411300STL,STL vs PHI,farabjo01,Joel Farabee,PHI,0,STL,A,0.5,Dem.
202411300STL,STL vs PHI,farabjo01,Joel Farabee,PHI,0,STL,G,0.5,Dem.
202411300STL,STL vs PHI,farabjo01,Joel Farabee,PHI,0,STL,PTS,0.5,Dem.
202411300STL,STL vs PHI,farabjo01,Joel Farabee,PHI,0,STL,SOG,2.5,Dem.
202411300STL,STL vs PHI,faulkju01,Justin Faulk,STL,1,PHI,A,0.5,Dem.
202411300STL,STL vs PHI,faulkju01,Justin Faulk,STL,1,PHI,BLK,1.5,Norm.
202411300STL,STL vs PHI,faulkju01,Justin Faulk,STL,1,PHI,PTS,0.5,Dem.
202411300STL,STL vs PHI,faulkju01,Justin Faulk,STL,1,PHI,SOG,1.5,Gob.
202411300LAK,LAK vs OTT,fialake01,Kevin Fiala,LAK,1,OTT,A,0.5,Dem.
202411300LAK,LAK vs OTT,fialake01,Kevin Fiala,LAK,1,OTT,G,0.5,Dem.
202411300LAK,LAK vs OTT,fialake01,Kevin Fiala,LAK,1,OTT,PTS,0.5,Norm.
202411300LAK,LAK vs OTT,fialake01,Kevin Fiala,LAK,1,OTT,SOG,2.5,Norm.
202411300MIN,MIN vs NSH,foligma01,Marcus Foligno,MIN,1,NSH,HIT,3.5,Norm.
202411300MIN,MIN vs NSH,forsbfi01,Filip Forsberg,NSH,0,MIN,A,0.5,Dem.
202411300MIN,MIN vs NSH,forsbfi01,Filip Forsberg,NSH,0,MIN,G,0.5,Dem.
202411300MIN,MIN vs NSH,forsbfi01,Filip Forsberg,NSH,0,MIN,PTS,1.5,Dem.
202411300MIN,MIN vs NSH,forsbfi01,Filip Forsberg,NSH,0,MIN,PTS,0.5,Gob.
202411300MIN,MIN vs NSH,forsbfi01,Filip Forsberg,NSH,0,MIN,SOG,4.5,Dem.
202411300MIN,MIN vs NSH,forsbfi01,Filip Forsberg,NSH,0,MIN,TOI,19,Norm.
202411300FLA,FLA vs CAR,forslgu02,Gustav Forsling,FLA,1,CAR,A,0.5,Dem.
202411300FLA,FLA vs CAR,forslgu02,Gustav Forsling,FLA,1,CAR,PTS,0.5,Dem.
202411300FLA,FLA vs CAR,forslgu02,Gustav Forsling,FLA,1,CAR,TOI,22.5,Norm.
202411300NYR,NYR vs MTL,foxad01,Adam Fox,NYR,1,MTL,A,0.5,Norm.
202411300NYR,NYR vs MTL,foxad01,Adam Fox,NYR,1,MTL,PTS,1.5,Dem.
202411300NYR,NYR vs MTL,foxad01,Adam Fox,NYR,1,MTL,TOI,22.75,Norm.
202411300STL,STL vs PHI,frostmo01,Morgan Frost,PHI,0,STL,A,0.5,Dem.
202411300STL,STL vs PHI,frostmo01,Morgan Frost,PHI,0,STL,PTS,0.5,Dem.
202411300NYR,NYR vs MTL,gallabr01,Brendan Gallagher,MTL,0,NYR,G,0.5,Dem.
202411300LAK,LAK vs OTT,gavrivl01,Vladislav Gavrikov,LAK,1,OTT,TOI,23.5,Norm.
202411300LAK,LAK vs OTT,giroucl01,Claude Giroux,OTT,0,LAK,A,0.5,Dem.
202411300LAK,LAK vs OTT,giroucl01,Claude Giroux,OTT,0,LAK,G,0.5,Dem.
202411300LAK,LAK vs OTT,giroucl01,Claude Giroux,OTT,0,LAK,PTS,0.5,Norm.
202411300PIT,PIT vs CGY,glassco01,Cody Glass,PIT,1,CGY,HIT,0.5,Norm.
202411300FLA,FLA vs CAR,gostish01,Shayne Gostisbehere,CAR,0,FLA,PTS,0.5,Norm.
202411300SEA,SEA vs SJS,granlmi01,Mikael Granlund,SJS,0,SEA,G,0.5,Dem.
202411300LAK,LAK vs OTT,greigri01,Ridly Greig,OTT,0,LAK,HIT,1.5,Norm.
202411300SEA,SEA vs SJS,grundca01,Carl Grundstrom,SJS,0,SEA,HIT,2.5,Norm.
202411300PIT,PIT vs CGY,grzelma01,Matt Grzelcyk,PIT,1,CGY,HIT,0.5,Norm.
202411300VEG,VEG vs ARI,guentdy01,Dylan Guenther,ARI,0,VEG,A,0.5,Dem.
202411300VEG,VEG vs ARI,guentdy01,Dylan Guenther,ARI,0,VEG,G,0.5,Dem.
202411300VEG,VEG vs ARI,guentdy01,Dylan Guenther,ARI,0,VEG,PTS,0.5,Norm.
202411300VEG,VEG vs ARI,guentdy01,Dylan Guenther,ARI,0,VEG,SOG,2.5,Norm.
202411300TBL,TBL vs TOR,guentja01,Jake Guentzel,TBL,1,TOR,G,0.5,Dem.
202411300TBL,TBL vs TOR,guentja01,Jake Guentzel,TBL,1,TOR,PTS,1.5,Dem.
202411300TBL,TBL vs TOR,guentja01,Jake Guentzel,TBL,1,TOR,PTS,0.5,Gob.
202411300TBL,TBL vs TOR,guentja01,Jake Guentzel,TBL,1,TOR,SOG,3.5,Dem.
202411300TBL,TBL vs TOR,hagelbr01,Brandon Hagel,TBL,1,TOR,G,0.5,Dem.
202411300TBL,TBL vs TOR,hagelbr01,Brandon Hagel,TBL,1,TOR,PTS,1.5,Dem.
202411300TBL,TBL vs TOR,hagelbr01,Brandon Hagel,TBL,1,TOR,PTS,0.5,Gob.
202411300TBL,TBL vs TOR,hagelbr01,Brandon Hagel,TBL,1,TOR,SOG,2.5,Norm.
202411300VEG,VEG vs ARI,hagueni01,Nicolas Hague,VEG,1,ARI,PTS,0.5,Dem.
202411300VEG,VEG vs ARI,hagueni01,Nicolas Hague,VEG,1,ARI,SOG,0.5,Gob.
202411300NJD,NJD vs WSH,hamildo01,Dougie Hamilton,NJD,1,WSH,PTS,0.5,Norm.
202411300VEG,VEG vs ARI,hanifno01,Noah Hanifin,VEG,1,ARI,A,0.5,Dem.
202411300VEG,VEG vs ARI,hanifno01,Noah Hanifin,VEG,1,ARI,HIT,0.5,Norm.
202411300VEG,VEG vs ARI,hanifno01,Noah Hanifin,VEG,1,ARI,PTS,0.5,Dem.
202411300VEG,VEG vs ARI,hanifno01,Noah Hanifin,VEG,1,ARI,TOI,21.25,Norm.
202411300MIN,MIN vs NSH,hartmry01,Ryan Hartman,MIN,1,NSH,A,0.5,Dem.
202411300MIN,MIN vs NSH,hartmry01,Ryan Hartman,MIN,1,NSH,G,0.5,Dem.
202411300STL,STL vs PHI,hathaga01,Garnet Hathaway,PHI,0,STL,HIT,3.5,Norm.
202411300VEG,VEG vs ARI,haytoba01,Barrett Hayton,ARI,0,VEG,SOG,1.5,Norm.
202411300TBL,TBL vs TOR,hedmavi01,Victor Hedman,TBL,1,TOR,A,0.5,Norm.
202411300TBL,TBL vs TOR,hedmavi01,Victor Hedman,TBL,1,TOR,PTS,1.5,Dem.
202411300TBL,TBL vs TOR,hedmavi01,Victor Hedman,TBL,1,TOR,TOI,23,Norm.
202411300VEG,VEG vs ARI,hertlto01,Tomas Hertl,VEG,1,ARI,A,0.5,Dem.
202411300VEG,VEG vs ARI,hertlto01,Tomas Hertl,VEG,1,ARI,G,0.5,Dem.
202411300VEG,VEG vs ARI,hertlto01,Tomas Hertl,VEG,1,ARI,HIT,1.5,Norm.
202411300VEG,VEG vs ARI,hertlto01,Tomas Hertl,VEG,1,ARI,PTS,0.5,Norm.
202411300VEG,VEG vs ARI,hertlto01,Tomas Hertl,VEG,1,ARI,SOG,1.5,Gob.
202411300VEG,VEG vs ARI,hertlto01,Tomas Hertl,VEG,1,ARI,SOG,2.5,Dem.
202411300NJD,NJD vs WSH,hischni01,Nico Hischier,NJD,1,WSH,G,0.5,Dem.
202411300NJD,NJD vs WSH,hischni01,Nico Hischier,NJD,1,WSH,PTS,0.5,Gob.
202411300NJD,NJD vs WSH,hischni01,Nico Hischier,NJD,1,WSH,PTS,1.5,Dem.
202411300STL,STL vs PHI,hollody01,Dylan Holloway,STL,1,PHI,G,0.5,Dem.
202411300STL,STL vs PHI,hollody01,Dylan Holloway,STL,1,PHI,HIT,1.5,Norm.
202411300NYI,NYI vs BUF,horvabo01,Bo Horvat,NYI,1,BUF,G,0.5,Dem.
202411300NYI,NYI vs BUF,horvabo01,Bo Horvat,NYI,1,BUF,PTS,1.5,Dem.
202411300NYI,NYI vs BUF,horvabo01,Bo Horvat,NYI,1,BUF,SOG,3.5,Dem.
202411300NYI,NYI vs BUF,horvabo01,Bo Horvat,NYI,1,BUF,TOI,19.75,Norm.
202411300PIT,PIT vs CGY,huberjo01,Jonathan Huberdeau,CGY,0,PIT,A,0.5,Dem.
202411300PIT,PIT vs CGY,huberjo01,Jonathan Huberdeau,CGY,0,PIT,G,0.5,Dem.
202411300PIT,PIT vs CGY,huberjo01,Jonathan Huberdeau,CGY,0,PIT,HIT,0.5,Norm.
202411300NJD,NJD vs WSH,hugheja03,Jack Hughes,NJD,1,WSH,A,0.5,Norm.
202411300NJD,NJD vs WSH,hugheja03,Jack Hughes,NJD,1,WSH,G,0.5,Dem.
202411300NJD,NJD vs WSH,hugheja03,Jack Hughes,NJD,1,WSH,PTS,1.5,Dem.
202411300NJD,NJD vs WSH,hugheja03,Jack Hughes,NJD,1,WSH,PTS,0.5,Gob.
202411300NJD,NJD vs WSH,hugheja03,Jack Hughes,NJD,1,WSH,SOG,3.5,Norm.
202411300NJD,NJD vs WSH,hugheja03,Jack Hughes,NJD,1,WSH,SOG,2.5,Gob.
202411300NJD,NJD vs WSH,hugheja03,Jack Hughes,NJD,1,WSH,TOI,20.5,Norm.
202411300NYR,NYR vs MTL,hutsola01,Lane Hutson,MTL,0,NYR,A,0.5,Dem.
202411300NYR,NYR vs MTL,hutsola01,Lane Hutson,MTL,0,NYR,PTS,0.5,Dem.
202411300FLA,FLA vs CAR,jarvise01,Seth Jarvis,CAR,0,FLA,A,0.5,Dem.
202411300FLA,FLA vs CAR,jarvise01,Seth Jarvis,CAR,0,FLA,G,0.5,Dem.
202411300FLA,FLA vs CAR,jarvise01,Seth Jarvis,CAR,0,FLA,PTS,1.5,Dem.
202411300LAK,LAK vs OTT,jeannta01,Tanner Jeannot,LAK,1,OTT,HIT,3,Norm.
202411300MIN,MIN vs NSH,johanma03,Marcus Johansson,MIN,1,NSH,A,0.5,Dem.
202411300MIN,MIN vs NSH,johanma03,Marcus Johansson,MIN,1,NSH,G,0.5,Dem.
202411300MIN,MIN vs NSH,josiro01,Roman Josi,NSH,0,MIN,A,0.5,Norm.
202411300MIN,MIN vs NSH,josiro01,Roman Josi,NSH,0,MIN,PTS,1.5,Dem.
202411300MIN,MIN vs NSH,josiro01,Roman Josi,NSH,0,MIN,SOG,2.5,Gob.
202411300MIN,MIN vs NSH,josiro01,Roman Josi,NSH,0,MIN,TOI,25.5,Norm.
202411300PIT,PIT vs CGY,kadrina01,Nazem Kadri,CGY,0,PIT,A,0.5,Dem.
202411300PIT,PIT vs CGY,kadrina01,Nazem Kadri,CGY,0,PIT,G,0.5,Dem.
202411300PIT,PIT vs CGY,kadrina01,Nazem Kadri,CGY,0,PIT,HIT,0.5,Norm.
202411300PIT,PIT vs CGY,kadrina01,Nazem Kadri,CGY,0,PIT,PTS,0.5,Norm.
202411300PIT,PIT vs CGY,kadrina01,Nazem Kadri,CGY,0,PIT,SOG,2.5,Gob.
202411300PIT,PIT vs CGY,kadrina01,Nazem Kadri,CGY,0,PIT,TOI,17.5,Norm.
202411300MIN,MIN vs NSH,kapriki01,Kirill Kaprizov,MIN,1,NSH,A,1.5,Dem.
202411300MIN,MIN vs NSH,kapriki01,Kirill Kaprizov,MIN,1,NSH,PTS,0.5,Gob.
202411300MIN,MIN vs NSH,kapriki01,Kirill Kaprizov,MIN,1,NSH,SOG,4.5,Dem.
202411300MIN,MIN vs NSH,kapriki01,Kirill Kaprizov,MIN,1,NSH,TOI,22,Norm.
202411300PIT,PIT vs CGY,karlser01,Erik Karlsson,PIT,1,CGY,PTS,0.5,Norm.
202411300VEG,VEG vs ARI,karlswi01,William Karlsson,VEG,1,ARI,A,0.5,Dem.
202411300VEG,VEG vs ARI,karlswi01,William Karlsson,VEG,1,ARI,G,0.5,Dem.
202411300VEG,VEG vs ARI,karlswi01,William Karlsson,VEG,1,ARI,PTS,0.5,Norm.
202411300VEG,VEG vs ARI,karlswi01,William Karlsson,VEG,1,ARI,SOG,1.5,Gob.
202411300VEG,VEG vs ARI,kellecl01,Clayton Keller,ARI,0,VEG,G,0.5,Dem.
202411300VEG,VEG vs ARI,kellecl01,Clayton Keller,ARI,0,VEG,PTS,1.5,Dem.
202411300VEG,VEG vs ARI,kellecl01,Clayton Keller,ARI,0,VEG,SOG,2.5,Norm.
202411300VEG,VEG vs ARI,kellecl01,Clayton Keller,ARI,0,VEG,TOI,18.75,Norm.
202411300LAK,LAK vs OTT,kempead01,Adrian Kempe,LAK,1,OTT,G,0.5,Dem.
202411300LAK,LAK vs OTT,kempead01,Adrian Kempe,LAK,1,OTT,PTS,0.5,Gob.
202411300LAK,LAK vs OTT,kempead01,Adrian Kempe,LAK,1,OTT,PTS,1.5,Dem.
202411300LAK,LAK vs OTT,kempead01,Adrian Kempe,LAK,1,OTT,SOG,2.5,Gob.
202411300TBL,TBL vs TOR,kniesma01,Matthew Knies,TOR,0,TBL,G,0.5,Dem.
202411300VEG,VEG vs ARI,koleske01,Keegan Kolesar,VEG,1,ARI,HIT,3.5,Norm.
202411300STL,STL vs PHI,konectr01,Travis Konecny,PHI,0,STL,G,0.5,Dem.
202411300STL,STL vs PHI,konectr01,Travis Konecny,PHI,0,STL,HIT,1.5,Norm.
202411300STL,STL vs PHI,konectr01,Travis Konecny,PHI,0,STL,PTS,0.5,Gob.
202411300STL,STL vs PHI,konectr01,Travis Konecny,PHI,0,STL,PTS,1.5,Dem.
202411300STL,STL vs PHI,konectr01,Travis Konecny,PHI,0,STL,SOG,3.5,Dem.
202411300STL,STL vs PHI,konectr01,Travis Konecny,PHI,0,STL,TOI,20.75,Norm.
202411300LAK,LAK vs OTT,kopitan01,Anze Kopitar,LAK,1,OTT,A,0.5,Norm.
202411300LAK,LAK vs OTT,kopitan01,Anze Kopitar,LAK,1,OTT,G,0.5,Dem.
202411300LAK,LAK vs OTT,kopitan01,Anze Kopitar,LAK,1,OTT,PTS,1.5,Dem.
202411300LAK,LAK vs OTT,kopitan01,Anze Kopitar,LAK,1,OTT,PTS,0.5,Gob.
202411300LAK,LAK vs OTT,kopitan01,Anze Kopitar,LAK,1,OTT,TOI,19.25,Norm.
202411300SEA,SEA vs SJS,kostikl01,Klim Kostin,SJS,0,SEA,HIT,4,Norm.
202411300TBL,TBL vs TOR,kucheni01,Nikita Kucherov,TBL,1,TOR,A,0.5,Gob.
202411300TBL,TBL vs TOR,kucheni01,Nikita Kucherov,TBL,1,TOR,A,1.5,Dem.
202411300TBL,TBL vs TOR,kucheni01,Nikita Kucherov,TBL,1,TOR,PTS,2.5,Dem.
202411300TBL,TBL vs TOR,kucheni01,Nikita Kucherov,TBL,1,TOR,SOG,2.5,Gob.
202411300TBL,TBL vs TOR,kucheni01,Nikita Kucherov,TBL,1,TOR,TOI,21.75,Norm.
202411300PIT,PIT vs CGY,kuzmean01,Andrei Kuzmenko,CGY,0,PIT,G,0.5,Dem.
202411300STL,STL vs PHI,kyroujo01,Jordan Kyrou,STL,1,PHI,A,0.5,Dem.
202411300STL,STL vs PHI,kyroujo01,Jordan Kyrou,STL,1,PHI,G,0.5,Dem.
202411300STL,STL vs PHI,kyroujo01,Jordan Kyrou,STL,1,PHI,PTS,1.5,Dem.
202411300STL,STL vs PHI,kyroujo01,Jordan Kyrou,STL,1,PHI,SOG,3.5,Dem.
202411300LAK,LAK vs OTT,laferal01,Alex Laferriere,LAK,1,OTT,A,0.5,Dem.
202411300LAK,LAK vs OTT,laferal01,Alex Laferriere,LAK,1,OTT,G,0.5,Dem.
202411300NYR,NYR vs MTL,lafreal01,Alexis Lafreniere,NYR,1,MTL,A,0.5,Dem.
202411300NYR,NYR vs MTL,lafreal01,Alexis Lafreniere,NYR,1,MTL,G,0.5,Dem.
202411300NYR,NYR vs MTL,lafreal01,Alexis Lafreniere,NYR,1,MTL,PTS,1.5,Dem.
202411300NYR,NYR vs MTL,lafreal01,Alexis Lafreniere,NYR,1,MTL,SOG,2.5,Norm.
202411300NYI,NYI vs BUF,leean01,Anders Lee,NYI,1,BUF,A,0.5,Dem.
202411300NYI,NYI vs BUF,leean01,Anders Lee,NYI,1,BUF,G,0.5,Dem.
202411300NYI,NYI vs BUF,leean01,Anders Lee,NYI,1,BUF,PTS,0.5,Norm.
202411300NYI,NYI vs BUF,leean01,Anders Lee,NYI,1,BUF,SOG,2.5,Norm.
202411300COL,COL vs EDM,lehkoar01,Artturi Lehkonen,COL,1,EDM,A,0.5,Dem.
202411300COL,COL vs EDM,lehkoar01,Artturi Lehkonen,COL,1,EDM,G,0.5,Dem.
202411300COL,COL vs EDM,lehkoar01,Artturi Lehkonen,COL,1,EDM,SOG,1.5,Gob.
202411300PIT,PIT vs CGY,letankr01,Kris Letang,PIT,1,CGY,A,0.5,Dem.
202411300PIT,PIT vs CGY,letankr01,Kris Letang,PIT,1,CGY,PTS,0.5,Dem.
202411300PIT,PIT vs CGY,letankr01,Kris Letang,PIT,1,CGY,TOI,23.25,Norm.
202411300FLA,FLA vs CAR,lundean01,Anton Lundell,FLA,1,CAR,G,0.5,Dem.
202411300COL,COL vs EDM,mackina01,Nathan MacKinnon,COL,1,EDM,A,1.5,Dem.
202411300COL,COL vs EDM,mackina01,Nathan MacKinnon,COL,1,EDM,A,0.5,Gob.
202411300COL,COL vs EDM,mackina01,Nathan MacKinnon,COL,1,EDM,HIT,0.5,Norm.
202411300COL,COL vs EDM,mackina01,Nathan MacKinnon,COL,1,EDM,PTS,0.5,Gob.
202411300COL,COL vs EDM,mackina01,Nathan MacKinnon,COL,1,EDM,PTS,2.5,Dem.
202411300COL,COL vs EDM,mackina01,Nathan MacKinnon,COL,1,EDM,SOG,4.5,Dem.
202411300COL,COL vs EDM,mackina01,Nathan MacKinnon,COL,1,EDM,TOI,22.75,Norm.
202411300COL,COL vs EDM,makarca01,Cale Makar,COL,1,EDM,G,0.5,Dem.
202411300COL,COL vs EDM,makarca01,Cale Makar,COL,1,EDM,PTS,1.5,Dem.
202411300COL,COL vs EDM,makarca01,Cale Makar,COL,1,EDM,PTS,0.5,Gob.
202411300COL,COL vs EDM,makarca01,Cale Makar,COL,1,EDM,SOG,3.5,Dem.
202411300COL,COL vs EDM,makarca01,Cale Makar,COL,1,EDM,TOI,25,Norm.
202411300PIT,PIT vs CGY,malkiev01,Evgeni Malkin,PIT,1,CGY,G,0.5,Dem.
202411300PIT,PIT vs CGY,malkiev01,Evgeni Malkin,PIT,1,CGY,SOG,2.5,Dem.
202411300PIT,PIT vs CGY,malkiev01,Evgeni Malkin,PIT,1,CGY,SOG,1.5,Gob.
202411300NJD,NJD vs WSH,mangian01,Andrew Mangiapane,WSH,0,NJD,HIT,0.5,Norm.
202411300TBL,TBL vs TOR,marnemi01,Mitch Marner,TOR,0,TBL,A,1.5,Dem.
202411300TBL,TBL vs TOR,marnemi01,Mitch Marner,TOR,0,TBL,G,0.5,Dem.
202411300TBL,TBL vs TOR,marnemi01,Mitch Marner,TOR,0,TBL,HIT,0.5,Norm.
202411300TBL,TBL vs TOR,marnemi01,Mitch Marner,TOR,0,TBL,PTS,1.5,Dem.
202411300TBL,TBL vs TOR,marnemi01,Mitch Marner,TOR,0,TBL,PTS,0.5,Gob.
202411300NYR,NYR vs MTL,mathemi01,Mike Matheson,MTL,0,NYR,A,0.5,Dem.
202411300NYR,NYR vs MTL,mathemi01,Mike Matheson,MTL,0,NYR,TOI,25.5,Norm.
202411300VEG,VEG vs ARI,mcbaija03,Jack McBain,ARI,0,VEG,HIT,2.5,Norm.
202411300TBL,TBL vs TOR,mccabja01,Jake McCabe,TOR,0,TBL,TOI,22.25,Norm.
202411300SEA,SEA vs SJS,mccanja01,Jared McCann,SEA,1,SJS,G,0.5,Dem.
202411300SEA,SEA vs SJS,mccanja01,Jared McCann,SEA,1,SJS,PTS,1.5,Dem.
202411300SEA,SEA vs SJS,mccanja01,Jared McCann,SEA,1,SJS,PTS,0.5,Gob.
202411300SEA,SEA vs SJS,mccanja01,Jared McCann,SEA,1,SJS,SOG,3.5,Dem.
202411300COL,COL vs EDM,mcdavco01,Connor McDavid,EDM,0,COL,A,0.5,Gob.
202411300COL,COL vs EDM,mcdavco01,Connor McDavid,EDM,0,COL,A,1.5,Dem.
202411300COL,COL vs EDM,mcdavco01,Connor McDavid,EDM,0,COL,HIT,0.5,Norm.
202411300COL,COL vs EDM,mcdavco01,Connor McDavid,EDM,0,COL,PTS,1.5,Norm.
202411300COL,COL vs EDM,mcdavco01,Connor McDavid,EDM,0,COL,PTS,2.5,Dem.
202411300COL,COL vs EDM,mcdavco01,Connor McDavid,EDM,0,COL,SOG,2.5,Gob.
202411300COL,COL vs EDM,mcdavco01,Connor McDavid,EDM,0,COL,TOI,22.5,Norm.
202411300TBL,TBL vs TOR,mcmanbo02,Bobby McMann,TOR,0,TBL,G,0.5,Dem.
202411300NJD,NJD vs WSH,mcmicco01,Connor McMichael,WSH,0,NJD,A,0.5,Dem.
202411300NJD,NJD vs WSH,mcmicco01,Connor McMichael,WSH,0,NJD,G,0.5,Dem.
202411300NJD,NJD vs WSH,mcmicco01,Connor McMichael,WSH,0,NJD,PTS,0.5,Norm.
202411300NJD,NJD vs WSH,mcmicco01,Connor McMichael,WSH,0,NJD,SOG,1.5,Gob.
202411300VEG,VEG vs ARI,mcnabbr01,Brayden McNabb,VEG,1,ARI,BLK,2.5,Norm.
202411300VEG,VEG vs ARI,mcnabbr01,Brayden McNabb,VEG,1,ARI,HIT,1.5,Norm.
202411300NJD,NJD vs WSH,meierti01,Timo Meier,NJD,1,WSH,A,0.5,Dem.
202411300NJD,NJD vs WSH,meierti01,Timo Meier,NJD,1,WSH,G,0.5,Dem.
202411300NJD,NJD vs WSH,meierti01,Timo Meier,NJD,1,WSH,PTS,0.5,Norm.
202411300NJD,NJD vs WSH,merceda01,Dawson Mercer,NJD,1,WSH,A,0.5,Dem.
202411300NJD,NJD vs WSH,merceda01,Dawson Mercer,NJD,1,WSH,G,0.5,Dem.
202411300NJD,NJD vs WSH,merceda01,Dawson Mercer,NJD,1,WSH,PTS,0.5,Dem.
202411300STL,STL vs PHI,michkma01,Matvei Michkov,PHI,0,STL,A,0.5,Dem.
202411300STL,STL vs PHI,michkma01,Matvei Michkov,PHI,0,STL,G,0.5,Dem.
202411300STL,STL vs PHI,michkma01,Matvei Michkov,PHI,0,STL,PTS,0.5,Norm.
202411300COL,COL vs EDM,mitteca01,Casey Mittelstadt,COL,1,EDM,G,0.5,Dem.
202411300SEA,SEA vs SJS,montobr01,Brandon Montour,SEA,1,SJS,PTS,0.5,Norm.
202411300SEA,SEA vs SJS,montobr01,Brandon Montour,SEA,1,SJS,SOG,2.5,Gob.
202411300SEA,SEA vs SJS,montobr01,Brandon Montour,SEA,1,SJS,SOG,3.5,Dem.
202411300SEA,SEA vs SJS,montobr01,Brandon Montour,SEA,1,SJS,TOI,24,Norm.
202411300LAK,LAK vs OTT,mooretr01,Trevor Moore,LAK,1,OTT,G,0.5,Dem.
202411300TBL,TBL vs TOR,moserja01,Janis Moser,TBL,1,TOR,HIT,0.5,Norm.
202411300FLA,FLA vs CAR,necasma01,Martin Necas,CAR,0,FLA,A,0.5,Norm.
202411300FLA,FLA vs CAR,necasma01,Martin Necas,CAR,0,FLA,G,0.5,Dem.
202411300FLA,FLA vs CAR,necasma01,Martin Necas,CAR,0,FLA,PTS,0.5,Gob.
202411300FLA,FLA vs CAR,necasma01,Martin Necas,CAR,0,FLA,PTS,1.5,Dem.
202411300STL,STL vs PHI,neighja01,Jake Neighbours,STL,1,PHI,A,0.5,Dem.
202411300STL,STL vs PHI,neighja01,Jake Neighbours,STL,1,PHI,G,0.5,Dem.
202411300STL,STL vs PHI,neighja01,Jake Neighbours,STL,1,PHI,PTS,0.5,Norm.
202411300NYI,NYI vs BUF,nelsobr01,Brock Nelson,NYI,1,BUF,A,0.5,Dem.
202411300NYI,NYI vs BUF,nelsobr01,Brock Nelson,NYI,1,BUF,G,0.5,Dem.
202411300NYI,NYI vs BUF,nelsobr01,Brock Nelson,NYI,1,BUF,PTS,1.5,Dem.
202411300NYR,NYR vs MTL,newhoal01,Alex Newhook,MTL,0,NYR,HIT,0.5,Norm.
202411300COL,COL vs EDM,nichuva01,Valeri Nichushkin,COL,1,EDM,A,0.5,Dem.
202411300COL,COL vs EDM,nichuva01,Valeri Nichushkin,COL,1,EDM,G,0.5,Dem.
202411300COL,COL vs EDM,nichuva01,Valeri Nichushkin,COL,1,EDM,PTS,1.5,Dem.
202411300COL,COL vs EDM,nichuva01,Valeri Nichushkin,COL,1,EDM,SOG,2.5,Norm.
202411300NJD,NJD vs WSH,noesest01,Stefan Noesen,NJD,1,WSH,A,0.5,Dem.
202411300NJD,NJD vs WSH,noesest01,Stefan Noesen,NJD,1,WSH,G,0.5,Dem.
202411300NJD,NJD vs WSH,noesest01,Stefan Noesen,NJD,1,WSH,PTS,0.5,Norm.
202411300NJD,NJD vs WSH,noesest01,Stefan Noesen,NJD,1,WSH,SOG,2.5,Dem.
202411300NJD,NJD vs WSH,noesest01,Stefan Noesen,NJD,1,WSH,SOG,1.5,Gob.
202411300LAK,LAK vs OTT,norrijo01,Josh Norris,OTT,0,LAK,A,0.5,Dem.
202411300LAK,LAK vs OTT,norrijo01,Josh Norris,OTT,0,LAK,G,0.5,Dem.
202411300LAK,LAK vs OTT,norrijo01,Josh Norris,OTT,0,LAK,PTS,0.5,Norm.
202411300COL,COL vs EDM,nugenry01,Ryan Nugent-Hopkins,EDM,0,COL,A,0.5,Dem.
202411300COL,COL vs EDM,nugenry01,Ryan Nugent-Hopkins,EDM,0,COL,G,0.5,Dem.
202411300COL,COL vs EDM,nugenry01,Ryan Nugent-Hopkins,EDM,0,COL,SOG,2.5,Dem.
202411300COL,COL vs EDM,nugenry01,Ryan Nugent-Hopkins,EDM,0,COL,SOG,1.5,Gob.
202411300COL,COL vs EDM,nurseda01,Darnell Nurse,EDM,0,COL,A,0.5,Dem.
202411300COL,COL vs EDM,nurseda01,Darnell Nurse,EDM,0,COL,PTS,0.5,Dem.
202411300COL,COL vs EDM,nurseda01,Darnell Nurse,EDM,0,COL,SOG,1.5,Gob.
202411300TBL,TBL vs TOR,nylanwi01,William Nylander,TOR,0,TBL,PTS,1.5,Dem.
202411300TBL,TBL vs TOR,nylanwi01,William Nylander,TOR,0,TBL,PTS,0.5,Gob.
202411300TBL,TBL vs TOR,nylanwi01,William Nylander,TOR,0,TBL,SOG,3.5,Norm.
202411300TBL,TBL vs TOR,nylanwi01,William Nylander,TOR,0,TBL,TOI,21,Norm.
202411300MIN,MIN vs NSH,nyquigu01,Gustav Nyquist,NSH,0,MIN,A,0.5,Dem.
202411300MIN,MIN vs NSH,nyquigu01,Gustav Nyquist,NSH,0,MIN,G,0.5,Dem.
202411300PIT,PIT vs CGY,oconndr01,Drew O'Connor,PIT,1,CGY,SOG,1.5,Norm.
202411300MIN,MIN vs NSH,oreilry01,Ryan O'Reilly,NSH,0,MIN,A,0.5,Dem.
202411300MIN,MIN vs NSH,oreilry01,Ryan O'Reilly,NSH,0,MIN,G,0.5,Dem.
202411300MIN,MIN vs NSH,oreilry01,Ryan O'Reilly,NSH,0,MIN,PTS,0.5,Norm.
202411300NYI,NYI vs BUF,pageaje01,Jean-Gabriel Pageau,NYI,1,BUF,A,0.5,Dem.
202411300NYI,NYI vs BUF,pageaje01,Jean-Gabriel Pageau,NYI,1,BUF,G,0.5,Dem.
202411300NYI,NYI vs BUF,pageaje01,Jean-Gabriel Pageau,NYI,1,BUF,PTS,0.5,Dem.
202411300NJD,NJD vs WSH,palaton01,Ondrej Palat,NJD,1,WSH,G,0.5,Dem.
202411300NYI,NYI vs BUF,palmiky01,Kyle Palmieri,NYI,1,BUF,A,0.5,Dem.
202411300NYI,NYI vs BUF,palmiky01,Kyle Palmieri,NYI,1,BUF,G,0.5,Dem.
202411300NYI,NYI vs BUF,palmiky01,Kyle Palmieri,NYI,1,BUF,HIT,0.5,Norm.
202411300NYI,NYI vs BUF,palmiky01,Kyle Palmieri,NYI,1,BUF,PTS,1.5,Dem.
202411300NYI,NYI vs BUF,palmiky01,Kyle Palmieri,NYI,1,BUF,SOG,2.5,Norm.
202411300NYR,NYR vs MTL,panarar01,Artemi Panarin,NYR,1,MTL,PTS,0.5,Gob.
202411300NYR,NYR vs MTL,panarar01,Artemi Panarin,NYR,1,MTL,PTS,1.5,Dem.
202411300NYR,NYR vs MTL,panarar01,Artemi Panarin,NYR,1,MTL,SOG,2.5,Gob.
202411300NYR,NYR vs MTL,panarar01,Artemi Panarin,NYR,1,MTL,TOI,19.75,Norm.
202411300STL,STL vs PHI,parayco01,Colton Parayko,STL,1,PHI,A,0.5,Dem.
202411300STL,STL vs PHI,parayco01,Colton Parayko,STL,1,PHI,TOI,24.5,Norm.
202411300NJD,NJD vs WSH,pescebr01,Brett Pesce,NJD,1,WSH,TOI,21.75,Norm.
202411300NYI,NYI vs BUF,peterjo01,JJ Peterka,BUF,0,NYI,A,0.5,Dem.
202411300NYI,NYI vs BUF,peterjo01,JJ Peterka,BUF,0,NYI,G,0.5,Dem.
202411300PIT,PIT vs CGY,pettema01,Marcus Pettersson,PIT,1,CGY,BLK,1.5,Gob.
202411300VEG,VEG vs ARI,pietral01,Alex Pietrangelo,VEG,1,ARI,A,0.5,Dem.
202411300TBL,TBL vs TOR,pointbr01,Brayden Point,TBL,1,TOR,A,0.5,Dem.
202411300TBL,TBL vs TOR,pointbr01,Brayden Point,TBL,1,TOR,G,0.5,Dem.
202411300TBL,TBL vs TOR,pointbr01,Brayden Point,TBL,1,TOR,PTS,1.5,Dem.
202411300NYI,NYI vs BUF,powerow01,Owen Power,BUF,0,NYI,A,0.5,Dem.
202411300NJD,NJD vs WSH,protaal01,Aliaksei Protas,WSH,0,NJD,A,0.5,Dem.
202411300NJD,NJD vs WSH,protaal01,Aliaksei Protas,WSH,0,NJD,PTS,0.5,Dem.
202411300PIT,PIT vs CGY,rakelri01,Rickard Rakell,PIT,1,CGY,A,0.5,Dem.
202411300PIT,PIT vs CGY,rakelri01,Rickard Rakell,PIT,1,CGY,G,0.5,Dem.
202411300PIT,PIT vs CGY,rakelri01,Rickard Rakell,PIT,1,CGY,PTS,0.5,Norm.
202411300COL,COL vs EDM,rantami01,Mikko Rantanen,COL,1,EDM,PTS,1.5,Dem.
202411300COL,COL vs EDM,rantami01,Mikko Rantanen,COL,1,EDM,PTS,0.5,Gob.
202411300COL,COL vs EDM,rantami01,Mikko Rantanen,COL,1,EDM,SOG,3.5,Dem.
202411300COL,COL vs EDM,rantami01,Mikko Rantanen,COL,1,EDM,SOG,2.5,Gob.
202411300TBL,TBL vs TOR,reavery01,Ryan Reaves,TOR,0,TBL,HIT,2.5,Norm.
202411300FLA,FLA vs CAR,reinhsa01,Sam Reinhart,FLA,1,CAR,PTS,1.5,Dem.
202411300FLA,FLA vs CAR,reinhsa01,Sam Reinhart,FLA,1,CAR,PTS,0.5,Gob.
202411300TBL,TBL vs TOR,riellmo01,Morgan Rielly,TOR,0,TBL,PTS,0.5,Norm.
202411300FLA,FLA vs CAR,rosloja01,Jack Roslovic,CAR,0,FLA,A,0.5,Dem.
202411300FLA,FLA vs CAR,rosloja01,Jack Roslovic,CAR,0,FLA,G,0.5,Dem.
202411300MIN,MIN vs NSH,rossima01,Marco Rossi,MIN,1,NSH,A,0.5,Dem.
202411300MIN,MIN vs NSH,rossima01,Marco Rossi,MIN,1,NSH,G,0.5,Dem.
202411300VEG,VEG vs ARI,royni01,Nicolas Roy,VEG,1,ARI,A,0.5,Dem.
202411300PIT,PIT vs CGY,rustbr01,Bryan Rust,PIT,1,CGY,A,0.5,Dem.
202411300PIT,PIT vs CGY,rustbr01,Bryan Rust,PIT,1,CGY,G,0.5,Dem.
202411300PIT,PIT vs CGY,rustbr01,Bryan Rust,PIT,1,CGY,PTS,1.5,Dem.
202411300STL,STL vs PHI,saadbr01,Brandon Saad,STL,1,PHI,A,0.5,Dem.
202411300STL,STL vs PHI,saadbr01,Brandon Saad,STL,1,PHI,G,0.5,Dem.
202411300LAK,LAK vs OTT,sandeja01,Jake Sanderson,OTT,0,LAK,PTS,0.5,Norm.
202411300STL,STL vs PHI,sanhetr01,Travis Sanheim,PHI,0,STL,A,0.5,Dem.
202411300STL,STL vs PHI,sanhetr01,Travis Sanheim,PHI,0,STL,PTS,0.5,Dem.
202411300STL,STL vs PHI,sanhetr01,Travis Sanheim,PHI,0,STL,TOI,24.5,Norm.
202411300NYR,NYR vs MTL,savarda01,David Savard,MTL,0,NYR,BLK,2.5,Norm.
202411300STL,STL vs PHI,schenbr01,Brayden Schenn,STL,1,PHI,A,0.5,Dem.
202411300STL,STL vs PHI,schenbr01,Brayden Schenn,STL,1,PHI,G,0.5,Dem.
202411300STL,STL vs PHI,schenbr01,Brayden Schenn,STL,1,PHI,PTS,0.5,Norm.
202411300MIN,MIN vs NSH,schenlu01,Luke Schenn,NSH,0,MIN,HIT,3.5,Norm.
202411300VEG,VEG vs ARI,schmani01,Nick Schmaltz,ARI,0,VEG,A,0.5,Dem.
202411300VEG,VEG vs ARI,schmani01,Nick Schmaltz,ARI,0,VEG,G,0.5,Dem.
202411300VEG,VEG vs ARI,schmani01,Nick Schmaltz,ARI,0,VEG,PTS,0.5,Norm.
202411300VEG,VEG vs ARI,schmani01,Nick Schmaltz,ARI,0,VEG,SOG,1.5,Gob.
202411300SEA,SEA vs SJS,schwaja01,Jaden Schwartz,SEA,1,SJS,A,0.5,Dem.
202411300SEA,SEA vs SJS,schwaja01,Jaden Schwartz,SEA,1,SJS,G,0.5,Dem.
202411300SEA,SEA vs SJS,schwaja01,Jaden Schwartz,SEA,1,SJS,HIT,0.5,Norm.
202411300SEA,SEA vs SJS,schwaja01,Jaden Schwartz,SEA,1,SJS,PTS,0.5,Norm.
202411300SEA,SEA vs SJS,schwaja01,Jaden Schwartz,SEA,1,SJS,SOG,2.5,Dem.
202411300SEA,SEA vs SJS,schwaja01,Jaden Schwartz,SEA,1,SJS,SOG,1.5,Gob.
202411300VEG,VEG vs ARI,sergami01,Mikhail Sergachev,ARI,0,VEG,HIT,0.5,Norm.
202411300VEG,VEG vs ARI,sergami01,Mikhail Sergachev,ARI,0,VEG,TOI,25,Norm.
202411300PIT,PIT vs CGY,sharaye01,Yegor Sharangovich,CGY,0,PIT,A,0.5,Dem.
202411300PIT,PIT vs CGY,sharaye01,Yegor Sharangovich,CGY,0,PIT,G,0.5,Dem.
202411300PIT,PIT vs CGY,sharaye01,Yegor Sharangovich,CGY,0,PIT,PTS,0.5,Norm.
202411300NJD,NJD vs WSH,siegejo01,Jonas Siegenthaler,NJD,1,WSH,BLK,1.5,Gob.
202411300COL,COL vs EDM,skinnje01,Jeff Skinner,EDM,0,COL,A,0.5,Dem.
202411300COL,COL vs EDM,skinnje01,Jeff Skinner,EDM,0,COL,HIT,0.5,Norm.
202411300COL,COL vs EDM,skinnje01,Jeff Skinner,EDM,0,COL,PTS,0.5,Dem.
202411300COL,COL vs EDM,skinnje01,Jeff Skinner,EDM,0,COL,SOG,2.5,Dem.
202411300COL,COL vs EDM,skinnje01,Jeff Skinner,EDM,0,COL,SOG,1.5,Gob.
202411300MIN,MIN vs NSH,skjeibr01,Brady Skjei,NSH,0,MIN,SOG,1.5,Gob.
202411300MIN,MIN vs NSH,skjeibr01,Brady Skjei,NSH,0,MIN,SOG,2.5,Dem.
202411300NYR,NYR vs MTL,slafkju01,Juraj Slafkovsky,MTL,0,NYR,A,0.5,Dem.
202411300NYR,NYR vs MTL,slafkju01,Juraj Slafkovsky,MTL,0,NYR,PTS,0.5,Dem.
202411300NYR,NYR vs MTL,slafkju01,Juraj Slafkovsky,MTL,0,NYR,SOG,1.5,Norm.
202411300FLA,FLA vs CAR,slavija01,Jaccob Slavin,CAR,0,FLA,BLK,1.5,Norm.
202411300FLA,FLA vs CAR,slavija01,Jaccob Slavin,CAR,0,FLA,TOI,21.5,Norm.
202411300NYR,NYR vs MTL,smithre01,Reilly Smith,NYR,1,MTL,A,0.5,Dem.
202411300NYR,NYR vs MTL,smithre01,Reilly Smith,NYR,1,MTL,G,0.5,Dem.
202411300SEA,SEA vs SJS,spronda01,Daniel Sprong,SEA,1,SJS,G,0.5,Dem.
202411300MIN,MIN vs NSH,spurgja01,Jared Spurgeon,MIN,1,NSH,HIT,0.5,Norm.
202411300MIN,MIN vs NSH,stamkst01,Steven Stamkos,NSH,0,MIN,A,0.5,Dem.
202411300MIN,MIN vs NSH,stamkst01,Steven Stamkos,NSH,0,MIN,G,0.5,Dem.
202411300MIN,MIN vs NSH,stamkst01,Steven Stamkos,NSH,0,MIN,PTS,0.5,Norm.
202411300MIN,MIN vs NSH,stamkst01,Steven Stamkos,NSH,0,MIN,SOG,2.5,Norm.
202411300SEA,SEA vs SJS,stephch02,Chandler Stephenson,SEA,1,SJS,PTS,0.5,Norm.
202411300SEA,SEA vs SJS,stephch02,Chandler Stephenson,SEA,1,SJS,TOI,20,Norm.
202411300NJD,NJD vs WSH,stromdy01,Dylan Strome,WSH,0,NJD,A,0.5,Norm.
202411300NJD,NJD vs WSH,stromdy01,Dylan Strome,WSH,0,NJD,G,0.5,Dem.
202411300NJD,NJD vs WSH,stromdy01,Dylan Strome,WSH,0,NJD,PTS,1.5,Dem.
202411300NJD,NJD vs WSH,stromdy01,Dylan Strome,WSH,0,NJD,PTS,0.5,Gob.
202411300NYR,NYR vs MTL,suzukni01,Nick Suzuki,MTL,0,NYR,A,0.5,Dem.
202411300NYR,NYR vs MTL,suzukni01,Nick Suzuki,MTL,0,NYR,G,0.5,Dem.
202411300NYR,NYR vs MTL,suzukni01,Nick Suzuki,MTL,0,NYR,PTS,1.5,Dem.
202411300NYR,NYR vs MTL,suzukni01,Nick Suzuki,MTL,0,NYR,SOG,1.5,Gob.
202411300NYR,NYR vs MTL,suzukni01,Nick Suzuki,MTL,0,NYR,SOG,2.5,Dem.
202411300NYR,NYR vs MTL,suzukni01,Nick Suzuki,MTL,0,NYR,TOI,19.5,Norm.
202411300FLA,FLA vs CAR,svechan01,Andrei Svechnikov,CAR,0,FLA,A,0.5,Dem.
202411300FLA,FLA vs CAR,svechan01,Andrei Svechnikov,CAR,0,FLA,G,0.5,Dem.
202411300FLA,FLA vs CAR,svechan01,Andrei Svechnikov,CAR,0,FLA,PTS,1.5,Dem.
202411300TBL,TBL vs TOR,tavarjo01,John Tavares,TOR,0,TBL,A,0.5,Dem.
202411300TBL,TBL vs TOR,tavarjo01,John Tavares,TOR,0,TBL,G,0.5,Dem.
202411300TBL,TBL vs TOR,tavarjo01,John Tavares,TOR,0,TBL,PTS,1.5,Dem.
202411300TBL,TBL vs TOR,tavarjo01,John Tavares,TOR,0,TBL,SOG,2.5,Gob.
202411300VEG,VEG vs ARI,theodsh01,Shea Theodore,VEG,1,ARI,A,0.5,Norm.
202411300VEG,VEG vs ARI,theodsh01,Shea Theodore,VEG,1,ARI,SOG,1.5,Gob.
202411300STL,STL vs PHI,thomaro01,Robert Thomas,STL,1,PHI,A,0.5,Norm.
202411300STL,STL vs PHI,thomaro01,Robert Thomas,STL,1,PHI,G,0.5,Dem.
202411300STL,STL vs PHI,thomaro01,Robert Thomas,STL,1,PHI,PTS,0.5,Gob.
202411300STL,STL vs PHI,thomaro01,Robert Thomas,STL,1,PHI,PTS,1.5,Dem.
202411300STL,STL vs PHI,thomaro01,Robert Thomas,STL,1,PHI,SOG,2.5,Dem.
202411300STL,STL vs PHI,thomaro01,Robert Thomas,STL,1,PHI,SOG,1.5,Gob.
202411300STL,STL vs PHI,thomaro01,Robert Thomas,STL,1,PHI,TOI,21.25,Norm.
202411300STL,STL vs PHI,tippeow01,Owen Tippett,PHI,0,STL,A,0.5,Dem.
202411300STL,STL vs PHI,tippeow01,Owen Tippett,PHI,0,STL,G,0.5,Dem.
202411300STL,STL vs PHI,tippeow01,Owen Tippett,PHI,0,STL,HIT,1.5,Norm.
202411300STL,STL vs PHI,tippeow01,Owen Tippett,PHI,0,STL,SOG,3.5,Dem.
202411300LAK,LAK vs OTT,tkachbr01,Brady Tkachuk,OTT,0,LAK,A,0.5,Dem.
202411300LAK,LAK vs OTT,tkachbr01,Brady Tkachuk,OTT,0,LAK,G,0.5,Dem.
202411300LAK,LAK vs OTT,tkachbr01,Brady Tkachuk,OTT,0,LAK,HIT,4.5,Norm.
202411300LAK,LAK vs OTT,tkachbr01,Brady Tkachuk,OTT,0,LAK,PTS,1.5,Dem.
202411300LAK,LAK vs OTT,tkachbr01,Brady Tkachuk,OTT,0,LAK,PTS,0.5,Gob.
202411300LAK,LAK vs OTT,tkachbr01,Brady Tkachuk,OTT,0,LAK,SOG,2.5,Gob.
202411300LAK,LAK vs OTT,tkachbr01,Brady Tkachuk,OTT,0,LAK,TOI,18.75,Norm.
202411300FLA,FLA vs CAR,tkachma01,Matthew Tkachuk,FLA,1,CAR,A,0.5,Norm.
202411300FLA,FLA vs CAR,tkachma01,Matthew Tkachuk,FLA,1,CAR,G,0.5,Dem.
202411300FLA,FLA vs CAR,tkachma01,Matthew Tkachuk,FLA,1,CAR,PTS,0.5,Gob.
202411300FLA,FLA vs CAR,tkachma01,Matthew Tkachuk,FLA,1,CAR,PTS,1.5,Dem.
202411300COL,COL vs EDM,toewsde01,Devon Toews,COL,1,EDM,A,0.5,Dem.
202411300COL,COL vs EDM,toewsde01,Devon Toews,COL,1,EDM,PTS,0.5,Dem.
202411300COL,COL vs EDM,toewsde01,Devon Toews,COL,1,EDM,SOG,1.5,Norm.
202411300SEA,SEA vs SJS,toffoty01,Tyler Toffoli,SJS,0,SEA,A,0.5,Dem.
202411300SEA,SEA vs SJS,toffoty01,Tyler Toffoli,SJS,0,SEA,G,0.5,Dem.
202411300NYR,NYR vs MTL,trochvi01,Vincent Trocheck,NYR,1,MTL,G,0.5,Dem.
202411300NYR,NYR vs MTL,trochvi01,Vincent Trocheck,NYR,1,MTL,PTS,1.5,Dem.
202411300NYR,NYR vs MTL,trochvi01,Vincent Trocheck,NYR,1,MTL,PTS,0.5,Gob.
202411300NYR,NYR vs MTL,troubja01,Jacob Trouba,NYR,1,MTL,BLK,2.5,Norm.
202411300NYR,NYR vs MTL,troubja01,Jacob Trouba,NYR,1,MTL,HIT,1.5,Norm.
202411300NYI,NYI vs BUF,tsyplma01,Maxim Tsyplakov,NYI,1,BUF,A,0.5,Dem.
202411300NYI,NYI vs BUF,tsyplma01,Maxim Tsyplakov,NYI,1,BUF,HIT,2.5,Norm.
202411300NYI,NYI vs BUF,tuchal01,Alex Tuch,BUF,0,NYI,G,0.5,Dem.
202411300NYI,NYI vs BUF,tuchal01,Alex Tuch,BUF,0,NYI,PTS,1.5,Dem.
202411300NYI,NYI vs BUF,tuchal01,Alex Tuch,BUF,0,NYI,TOI,20,Norm.
202411300FLA,FLA vs CAR,verhaca01,Carter Verhaeghe,FLA,1,CAR,A,0.5,Dem.
202411300FLA,FLA vs CAR,verhaca01,Carter Verhaeghe,FLA,1,CAR,G,0.5,Dem.
202411300FLA,FLA vs CAR,verhaca01,Carter Verhaeghe,FLA,1,CAR,PTS,0.5,Norm.
202411300FLA,FLA vs CAR,verhaca01,Carter Verhaeghe,FLA,1,CAR,SOG,2.5,Norm.
202411300STL,STL vs PHI,walkena01,Nathan Walker,STL,1,PHI,HIT,2.5,Norm.
202411300SEA,SEA vs SJS,walmaja01,Jake Walman,SJS,0,SEA,A,0.5,Dem.
202411300SEA,SEA vs SJS,walmaja01,Jake Walman,SJS,0,SEA,PTS,0.5,Dem.
202411300SEA,SEA vs SJS,walmaja01,Jake Walman,SJS,0,SEA,SOG,1.5,Gob.
202411300SEA,SEA vs SJS,walmaja01,Jake Walman,SJS,0,SEA,TOI,21.25,Norm.
202411300PIT,PIT vs CGY,weegama01,MacKenzie Weegar,CGY,0,PIT,A,0.5,Dem.
202411300PIT,PIT vs CGY,weegama01,MacKenzie Weegar,CGY,0,PIT,BLK,2.5,Norm.
202411300PIT,PIT vs CGY,weegama01,MacKenzie Weegar,CGY,0,PIT,SOG,1.5,Gob.
202411300PIT,PIT vs CGY,weegama01,MacKenzie Weegar,CGY,0,PIT,TOI,23,Norm.
202411300NJD,NJD vs WSH,wilsoto01,Tom Wilson,WSH,0,NJD,A,0.5,Dem.
202411300NJD,NJD vs WSH,wilsoto01,Tom Wilson,WSH,0,NJD,G,0.5,Dem.
202411300NJD,NJD vs WSH,wilsoto01,Tom Wilson,WSH,0,NJD,HIT,2.5,Norm.
202411300NJD,NJD vs WSH,wilsoto01,Tom Wilson,WSH,0,NJD,PTS,0.5,Norm.
202411300NJD,NJD vs WSH,wilsoto01,Tom Wilson,WSH,0,NJD,SOG,1.5,Gob.
202411300NJD,NJD vs WSH,wilsoto01,Tom Wilson,WSH,0,NJD,TOI,18.25,Norm.
202411300SEA,SEA vs SJS,zettefa01,Fabian Zetterlund,SJS,0,SEA,A,0.5,Dem.
202411300SEA,SEA vs SJS,zettefa01,Fabian Zetterlund,SJS,0,SEA,G,0.5,Dem.
202411300SEA,SEA vs SJS,zettefa01,Fabian Zetterlund,SJS,0,SEA,SOG,1.5,Gob.
202411300NYR,NYR vs MTL,zibanmi01,Mika Zibanejad,NYR,1,MTL,G,0.5,Dem.
202411300NYR,NYR vs MTL,zibanmi01,Mika Zibanejad,NYR,1,MTL,PTS,1.5,Dem.
202411300NYR,NYR vs MTL,zibanmi01,Mika Zibanejad,NYR,1,MTL,SOG,2.5,Norm.
202411300NYI,NYI vs BUF,thompta01,Tage Thompson,BUF,0,NYI,A,0.5,Dem.
202411300NYI,NYI vs BUF,thompta01,Tage Thompson,BUF,0,NYI,G,0.5,Dem.
202411300NYI,NYI vs BUF,thompta01,Tage Thompson,BUF,0,NYI,PTS,1.5,Dem.
202411300NYI,NYI vs BUF,thompta01,Tage Thompson,BUF,0,NYI,PTS,0.5,Gob.
202411300NYI,NYI vs BUF,thompta01,Tage Thompson,BUF,0,NYI,SOG,3.5,Norm.
202411300NYI,NYI vs BUF,zuckeja01,Jason Zucker,BUF,0,NYI,G,0.5,Dem.
202411300NYI,NYI vs BUF,zuckeja01,Jason Zucker,BUF,0,NYI,SOG,1.5,Gob.
202411300PIT,PIT vs CGY,colembl01,Blake Coleman,CGY,0,PIT,G,0.5,Dem.
202411300PIT,PIT vs CGY,colembl01,Blake Coleman,CGY,0,PIT,SOG,1.5,Gob.
202411300PIT,PIT vs CGY,colembl01,Blake Coleman,CGY,0,PIT,SOG,2.5,Dem.
202411300PIT,PIT vs CGY,zaryco01,Connor Zary,CGY,0,PIT,A,0.5,Dem.
202411300PIT,PIT vs CGY,zaryco01,Connor Zary,CGY,0,PIT,G,0.5,Dem.
202411300TBL,TBL vs TOR,matthau01,Auston Matthews,TOR,0,TBL,PTS,0.5,Gob.
202411300TBL,TBL vs TOR,matthau01,Auston Matthews,TOR,0,TBL,PTS,1.5,Dem.
202411300TBL,TBL vs TOR,matthau01,Auston Matthews,TOR,0,TBL,SOG,3.5,Gob.
